-- phpMyAdmin SQL Dump
-- version 5.2.1
-- https://www.phpmyadmin.net/
--
-- Hôte : 127.0.0.1:3306
-- Généré le : jeu. 08 mai 2025 à 06:44
-- Version du serveur : 9.1.0
-- Version de PHP : 8.3.14

SET SQL_MODE = "NO_AUTO_VALUE_ON_ZERO";
START TRANSACTION;
SET time_zone = "+00:00";


/*!40101 SET @OLD_CHARACTER_SET_CLIENT=@@CHARACTER_SET_CLIENT */;
/*!40101 SET @OLD_CHARACTER_SET_RESULTS=@@CHARACTER_SET_RESULTS */;
/*!40101 SET @OLD_COLLATION_CONNECTION=@@COLLATION_CONNECTION */;
/*!40101 SET NAMES utf8mb4 */;

--
-- Base de données : `chem`
--

-- --------------------------------------------------------

--
-- Structure de la table `atelier`
--

DROP TABLE IF EXISTS `atelier`;
CREATE TABLE IF NOT EXISTS `atelier` (
  `idatelier` smallint NOT NULL AUTO_INCREMENT,
  `idusine` int NOT NULL,
  `nomatelier` varchar(128) DEFAULT NULL,
  `active` varchar(255) CHARACTER SET utf8mb4 COLLATE utf8mb4_0900_ai_ci NOT NULL DEFAULT 'true',
  PRIMARY KEY (`idatelier`),
  KEY `idusine` (`idusine`)
) ENGINE=InnoDB AUTO_INCREMENT=35 DEFAULT CHARSET=utf8mb4 COLLATE=utf8mb4_0900_ai_ci;

--
-- Déchargement des données de la table `atelier`
--

INSERT INTO `atelier` (`idatelier`, `idusine`, `nomatelier`, `active`) VALUES
(5, 1, 'LABO STEP', 'true'),
(6, 1, 'SIROPERIE', 'true'),
(8, 1, 'BRASSAGE', 'true'),
(10, 1, 'FERMENTATION', 'true'),
(11, 1, 'FILTRATION', 'true'),
(12, 1, 'SALLE DES MACHINES', 'true'),
(15, 1, 'LABORATOIRE', 'true'),
(16, 1, 'TRAITEMENT DES EAUX', 'true'),
(17, 1, 'FOOD SAFETY', 'true'),
(18, 1, 'INFORMATIQUE', 'true'),
(19, 1, 'METROLOGIE', 'true'),
(20, 1, 'ZONE ATEX', 'true'),
(22, 1, 'SÉCURITÉ', 'true'),
(25, 2, 'BRASSAGE', 'true'),
(26, 2, 'FERMENTATION', 'true'),
(33, 1, 'QSQSQ', 'false'),
(34, 1, 'AQZS', 'false');

-- --------------------------------------------------------

--
-- Structure de la table `contenir`
--

DROP TABLE IF EXISTS `contenir`;
CREATE TABLE IF NOT EXISTS `contenir` (
  `idprod` bigint NOT NULL,
  `idatelier` smallint NOT NULL,
  PRIMARY KEY (`idprod`,`idatelier`),
  KEY `idatelier` (`idatelier`)
) ENGINE=InnoDB DEFAULT CHARSET=utf8mb4 COLLATE=utf8mb4_0900_ai_ci;

--
-- Déchargement des données de la table `contenir`
--

INSERT INTO `contenir` (`idprod`, `idatelier`) VALUES
(26, 5),
(181, 5),
(34, 6),
(25, 8),
(26, 8),
(27, 8),
(28, 8),
(29, 8),
(30, 8),
(31, 8),
(32, 8),
(33, 8),
(34, 8),
(35, 8),
(36, 8),
(40, 8),
(26, 10),
(37, 10),
(38, 10),
(40, 10),
(41, 10),
(42, 10),
(43, 10),
(44, 10),
(45, 10),
(34, 11),
(166, 11),
(167, 11),
(168, 11),
(169, 11),
(171, 11),
(172, 11),
(173, 11),
(175, 11),
(176, 11),
(177, 11),
(178, 11),
(179, 11),
(185, 11),
(186, 11),
(187, 11),
(188, 11),
(189, 11),
(190, 11),
(191, 11),
(192, 11),
(193, 11),
(194, 11),
(196, 11),
(48, 15),
(49, 15),
(50, 15),
(51, 15),
(52, 15),
(53, 15),
(54, 15),
(55, 15),
(56, 15),
(57, 15),
(58, 15),
(59, 15),
(60, 15),
(61, 15),
(62, 15),
(63, 15),
(64, 15),
(65, 15),
(66, 15),
(67, 15),
(68, 15),
(69, 15),
(70, 15),
(71, 15),
(72, 15),
(73, 15),
(74, 15),
(75, 15),
(76, 15),
(77, 15),
(78, 15),
(79, 15),
(80, 15),
(81, 15),
(82, 15),
(83, 15),
(84, 15),
(85, 15),
(86, 15),
(87, 15),
(88, 15),
(89, 15),
(90, 15),
(91, 15),
(92, 15),
(93, 15),
(94, 15),
(95, 15),
(96, 15),
(97, 15),
(98, 15),
(99, 15),
(100, 15),
(101, 15),
(102, 15),
(103, 15),
(104, 15),
(105, 15),
(106, 15),
(107, 15),
(108, 15),
(109, 15),
(110, 15),
(111, 15),
(112, 15),
(113, 15),
(114, 15),
(115, 15),
(116, 15),
(117, 15),
(118, 15),
(119, 15),
(120, 15),
(121, 15),
(122, 15),
(123, 15),
(124, 15),
(125, 15),
(126, 15),
(127, 15),
(128, 15),
(129, 15),
(130, 15),
(131, 15),
(132, 15),
(133, 15),
(134, 15),
(135, 15),
(136, 15),
(137, 15),
(138, 15),
(139, 15),
(140, 15),
(141, 15),
(142, 15),
(143, 15),
(144, 15),
(145, 15),
(146, 15),
(147, 15),
(148, 15),
(149, 15),
(150, 15),
(151, 15),
(152, 15),
(153, 15),
(154, 15),
(155, 15),
(156, 15),
(157, 15),
(158, 15),
(159, 15),
(160, 15),
(161, 15),
(162, 15),
(163, 15),
(164, 15),
(165, 15),
(180, 17),
(181, 17),
(209, 18),
(210, 18),
(211, 18),
(212, 18),
(213, 18),
(183, 22),
(184, 22);

-- --------------------------------------------------------

--
-- Structure de la table `danger`
--

DROP TABLE IF EXISTS `danger`;
CREATE TABLE IF NOT EXISTS `danger` (
  `iddanger` int NOT NULL AUTO_INCREMENT,
  `nomdanger` varchar(300) NOT NULL,
  PRIMARY KEY (`iddanger`)
) ENGINE=InnoDB AUTO_INCREMENT=11 DEFAULT CHARSET=utf8mb4 COLLATE=utf8mb4_0900_ai_ci;

--
-- Déchargement des données de la table `danger`
--

INSERT INTO `danger` (`iddanger`, `nomdanger`) VALUES
(1, 'AUCUN DANGER'),
(2, 'PRODUIT INFLAMMABLE'),
(3, 'PRODUIT COMBURANTS'),
(4, 'GAZ SOUS PRESSION'),
(5, 'PRODUIT CORROSIF'),
(6, 'PRODUIT TOXIQUE'),
(7, 'PRODUIT DANGEREUX POUR LA SANTE'),
(8, 'PRODUIT DANGEREUX POUR L\'ENVIRONNEMENT'),
(9, 'PRODUIT EXPLOSIF');

-- --------------------------------------------------------

--
-- Structure de la table `historique`
--

DROP TABLE IF EXISTS `historique`;
CREATE TABLE IF NOT EXISTS `historique` (
  `idhistorique` int NOT NULL AUTO_INCREMENT,
  `iduser` int DEFAULT NULL,
  `idprod` int DEFAULT NULL,
  `idatelier` varchar(255) CHARACTER SET utf8mb4 COLLATE utf8mb4_0900_ai_ci DEFAULT NULL,
  `idusine` int DEFAULT NULL,
  `action` varchar(255) CHARACTER SET utf8mb4 COLLATE utf8mb4_0900_ai_ci DEFAULT NULL,
  `created_at` datetime NOT NULL,
  `created_by` varchar(255) CHARACTER SET utf8mb4 COLLATE utf8mb4_0900_ai_ci DEFAULT NULL,
  PRIMARY KEY (`idhistorique`)
) ENGINE=InnoDB AUTO_INCREMENT=70 DEFAULT CHARSET=utf8mb4 COLLATE=utf8mb4_0900_ai_ci;

--
-- Déchargement des données de la table `historique`
--

INSERT INTO `historique` (`idhistorique`, `iduser`, `idprod`, `idatelier`, `idusine`, `action`, `created_at`, `created_by`) VALUES
(66, NULL, NULL, '33', 1, 'Création Atelier', '2025-05-06 22:37:31', '11'),
(67, NULL, NULL, '33', 1, 'Suppression Atelier', '2025-05-06 22:37:43', '11'),
(68, NULL, NULL, '34', 1, 'Création Atelier', '2025-05-07 09:16:55', '1'),
(69, NULL, NULL, '34', 1, 'Suppression Atelier', '2025-05-07 09:17:26', '1');

-- --------------------------------------------------------

--
-- Structure de la table `historique_acces`
--

DROP TABLE IF EXISTS `historique_acces`;
CREATE TABLE IF NOT EXISTS `historique_acces` (
  `id_acces` bigint NOT NULL AUTO_INCREMENT,
  `iduser` int NOT NULL,
  `created_at` date DEFAULT NULL,
  `time` time NOT NULL,
  `action` varchar(255) NOT NULL,
  PRIMARY KEY (`id_acces`),
  KEY `fk_historique_acces_user` (`iduser`)
) ENGINE=InnoDB AUTO_INCREMENT=45 DEFAULT CHARSET=utf8mb4 COLLATE=utf8mb4_0900_ai_ci;

--
-- Déchargement des données de la table `historique_acces`
--

INSERT INTO `historique_acces` (`id_acces`, `iduser`, `created_at`, `time`, `action`) VALUES
(2, 1, '2025-05-05', '00:00:00', '11:01:49'),
(3, 1, '2025-05-05', '00:00:00', '11:03:37'),
(4, 1, '2025-05-05', '12:11:29', 'Connexion'),
(5, 1, '2025-05-05', '12:29:07', 'Deconnexion'),
(6, 12, '2025-05-05', '12:29:19', 'Connexion'),
(7, 12, '2025-05-05', '12:29:28', 'Deconnexion'),
(8, 1, '2025-05-05', '12:29:38', 'Connexion'),
(9, 1, '2025-05-05', '16:02:53', 'Connexion'),
(10, 1, '2025-05-05', '16:03:21', 'Deconnexion'),
(11, 1, '2025-05-05', '16:07:26', 'Connexion'),
(12, 12, '2025-05-05', '21:22:40', 'Connexion'),
(13, 12, '2025-05-05', '21:27:35', 'Deconnexion'),
(14, 11, '2025-05-05', '21:27:47', 'Connexion'),
(15, 1, '2025-05-06', '07:43:22', 'Connexion'),
(16, 1, '2025-05-06', '10:04:44', 'Connexion'),
(17, 1, '2025-05-06', '10:04:51', 'Deconnexion'),
(18, 1, '2025-05-06', '10:05:33', 'Connexion'),
(19, 1, '2025-05-06', '10:06:31', 'Inactivité'),
(20, 11, '2025-05-06', '11:15:14', 'Connexion'),
(21, 11, '2025-05-06', '13:31:40', 'Inactivité'),
(22, 1, '2025-05-06', '16:35:44', 'Connexion'),
(23, 1, '2025-05-06', '18:03:04', 'Inactivité'),
(24, 11, '2025-05-06', '18:27:49', 'Connexion'),
(25, 11, '2025-05-06', '23:35:54', 'Inactivité'),
(26, 11, '2025-05-06', '23:36:01', 'Connexion'),
(27, 11, '2025-05-07', '08:11:52', 'Inactivité'),
(28, 11, '2025-05-07', '08:11:52', 'Inactivité'),
(29, 11, '2025-05-07', '08:12:07', 'Connexion'),
(30, 11, '2025-05-07', '08:40:01', 'Deconnexion'),
(31, 11, '2025-05-07', '08:40:44', 'Deconnexion'),
(32, 11, '2025-05-07', '08:40:55', 'Connexion'),
(33, 11, '2025-05-07', '10:06:19', 'Inactivité'),
(34, 1, '2025-05-07', '10:06:28', 'Connexion'),
(35, 1, '2025-05-07', '10:10:00', 'Deconnexion'),
(36, 11, '2025-05-07', '10:10:09', 'Connexion'),
(37, 11, '2025-05-07', '10:11:10', 'Deconnexion'),
(38, 12, '2025-05-07', '10:11:22', 'Connexion'),
(39, 12, '2025-05-07', '10:14:49', 'Deconnexion'),
(40, 1, '2025-05-07', '10:14:57', 'Connexion'),
(41, 1, '2025-05-08', '07:22:47', 'Inactivité'),
(42, 11, '2025-05-08', '07:22:56', 'Connexion'),
(43, 11, '2025-05-08', '07:43:19', 'Deconnexion'),
(44, 13, '2025-05-08', '07:43:24', 'Connexion');

-- --------------------------------------------------------

--
-- Structure de la table `historique_modif`
--

DROP TABLE IF EXISTS `historique_modif`;
CREATE TABLE IF NOT EXISTS `historique_modif` (
  `idmodif` bigint NOT NULL AUTO_INCREMENT,
  `idprod` bigint NOT NULL,
  `iduser` int NOT NULL,
  `created_at` datetime DEFAULT NULL,
  `element` varchar(255) NOT NULL,
  `oldvalue` varchar(255) NOT NULL,
  `newvalue` varchar(255) NOT NULL,
  PRIMARY KEY (`idmodif`),
  KEY `fk_historique_modif_produit` (`idprod`),
  KEY `fk_historique_modif_user` (`iduser`)
) ENGINE=InnoDB DEFAULT CHARSET=utf8mb4 COLLATE=utf8mb4_0900_ai_ci;

-- --------------------------------------------------------

--
-- Structure de la table `historique_supp`
--

DROP TABLE IF EXISTS `historique_supp`;
CREATE TABLE IF NOT EXISTS `historique_supp` (
  `idsupp` bigint NOT NULL AUTO_INCREMENT,
  `idatelier` smallint NOT NULL,
  `idprod` bigint NOT NULL,
  `iduser` int NOT NULL,
  `date` date DEFAULT NULL,
  `temp` time NOT NULL,
  PRIMARY KEY (`idsupp`),
  KEY `fk_historique_supp_atelier` (`idatelier`),
  KEY `fk_historique_supp_produit` (`idprod`),
  KEY `fk_historique_supp_user` (`iduser`)
) ENGINE=InnoDB DEFAULT CHARSET=utf8mb4 COLLATE=utf8mb4_0900_ai_ci;

-- --------------------------------------------------------

--
-- Structure de la table `infofds`
--

DROP TABLE IF EXISTS `infofds`;
CREATE TABLE IF NOT EXISTS `infofds` (
  `idinfo` bigint NOT NULL AUTO_INCREMENT,
  `idprod` bigint NOT NULL,
  `physique` varchar(255) DEFAULT NULL,
  `sante` varchar(255) DEFAULT NULL,
  `ppt` varchar(255) DEFAULT NULL,
  `stabilite` varchar(255) DEFAULT NULL,
  `eviter` varchar(255) DEFAULT NULL,
  `incompatible` varchar(255) DEFAULT NULL,
  `reactivite` varchar(255) DEFAULT NULL,
  `stockage` varchar(255) DEFAULT NULL,
  `secours` varchar(255) DEFAULT NULL,
  `epi` varchar(255) DEFAULT NULL,
  PRIMARY KEY (`idinfo`),
  KEY `idprod` (`idprod`)
) ENGINE=InnoDB AUTO_INCREMENT=4 DEFAULT CHARSET=utf8mb4 COLLATE=utf8mb4_0900_ai_ci;

--
-- Déchargement des données de la table `infofds`
--

INSERT INTO `infofds` (`idinfo`, `idprod`, `physique`, `sante`, `ppt`, `stabilite`, `eviter`, `incompatible`, `reactivite`, `stockage`, `secours`, `epi`) VALUES
(1, 180, 'NON DÉFINI', 'NON DÉFINI', 'DONNÉES NON DISPONIBLE', 'STABLE DANS LES CONDITIONS NORMALES', 'NON DÉFINI', 'NON DÉFINI', 'NON RÉACTIF DANS LES CONDITIONS NORMAL', 'MANIPULER CONFORMÉMENT AUX BONNES PRATIQUES INDUSTRIELLES D&#039;HYGIÈNE ET DE SÉCURITÉ STOCKER DANS UN ENDROIT BIEN VENTILE SEC ET FRAIS MAINTENIR FERME DE MANIÈRE ÉTANCHE', 'AMENER LA VICTIME A L&#039;AIR LIBRE, EN CAS DE CONTACT NETTOYER IMMÉDIATEMENT AVEC DU SAVON ET D&#039;EAU RINCER LA BOUCHE', 'LUNETTES  AVEC PROTECTION SUR LE COTES, GANTS EN CAOUTCHOUC NITRILE, PROTECTION RESPIRATOIRE ADAPTÉE, VÊTEMENT DE PROTECTION'),
(2, 183, 'XXCXCX', 'XCXCX', 'XX XC', 'WXXC', 'CCXCX', 'XCXCX', 'XCXCX', 'XCXC', 'WXWX', 'WXWX'),
(3, 184, 'SSCX', 'XCX', 'XCX', 'XCX', 'XC', 'XCXXCXX', 'XCX', 'XCXXCX', 'XCX', 'XCX');

-- --------------------------------------------------------

--
-- Structure de la table `password_resets`
--

DROP TABLE IF EXISTS `password_resets`;
CREATE TABLE IF NOT EXISTS `password_resets` (
  `id` int NOT NULL AUTO_INCREMENT,
  `email` varchar(255) NOT NULL,
  `token` varchar(255) NOT NULL,
  `created_at` datetime DEFAULT CURRENT_TIMESTAMP,
  PRIMARY KEY (`id`)
) ENGINE=MyISAM AUTO_INCREMENT=7 DEFAULT CHARSET=utf8mb4 COLLATE=utf8mb4_0900_ai_ci;

--
-- Déchargement des données de la table `password_resets`
--

INSERT INTO `password_resets` (`id`, `email`, `token`, `created_at`) VALUES
(1, 'IVANKAMGAING@GMAIL.COM', '0268fe65be50b8e080e1872de7c3cd8029bb2302d625c19a9356f6f6d4831026', '2025-04-05 17:27:44'),
(2, 'IVANKAMGAING@GMAIL.COM', '8122ac1e3d2610beb4e7f441781bf8c0a26c20a195c86d12182ddfde7fa85b1f', '2025-04-05 17:31:44'),
(3, 'IVANKAMGAING@GMAIL.COM', 'a33b67494806cd4ebbd1b22ef0b7f8da7d724a2eb1f1f44830640971278ecefd', '2025-04-05 17:33:29'),
(4, 'IVANKAMGAING@GMAIL.COM', '10a1055a8ce664335c8fed094000d50a185458ab1702b14ff0cdd412ec6b9602', '2025-04-05 17:54:57'),
(5, 'IVANKAMGAING@GMAIL.COM', '182e15994294c5604dc06c30be72d50b4d593badcca40ecd06343aca3e4ad92b', '2025-04-05 17:58:03'),
(6, '0', 'e83ca33350b9010c89146466e43ad23befe0a8201ee2a405366dd449e6490ca2', '2025-05-08 07:43:09');

-- --------------------------------------------------------

--
-- Structure de la table `possede`
--

DROP TABLE IF EXISTS `possede`;
CREATE TABLE IF NOT EXISTS `possede` (
  `iddanger` int NOT NULL,
  `idprod` bigint NOT NULL,
  KEY `iddanger` (`iddanger`),
  KEY `idprod` (`idprod`)
) ENGINE=InnoDB DEFAULT CHARSET=utf8mb4 COLLATE=utf8mb4_0900_ai_ci;

--
-- Déchargement des données de la table `possede`
--

INSERT INTO `possede` (`iddanger`, `idprod`) VALUES
(1, 22),
(2, 23),
(3, 23),
(2, 24),
(3, 24),
(4, 24),
(5, 24),
(1, 25),
(5, 26),
(7, 26),
(5, 27),
(2, 28),
(7, 28),
(7, 29),
(4, 30),
(2, 31),
(4, 31),
(5, 31),
(7, 32),
(1, 33),
(1, 34),
(7, 35),
(5, 36),
(7, 36),
(8, 36),
(5, 37),
(6, 37),
(1, 38),
(1, 39),
(3, 40),
(5, 40),
(7, 40),
(8, 40),
(2, 41),
(7, 41),
(8, 41),
(5, 42),
(7, 43),
(5, 44),
(2, 45),
(5, 45),
(7, 45),
(7, 46),
(7, 48),
(8, 48),
(6, 49),
(7, 49),
(7, 50),
(8, 50),
(6, 51),
(7, 51),
(2, 52),
(7, 52),
(8, 52),
(7, 53),
(2, 54),
(7, 54),
(7, 55),
(2, 56),
(7, 56),
(2, 57),
(5, 57),
(7, 58),
(5, 59),
(7, 60),
(7, 61),
(7, 62),
(5, 63),
(6, 63),
(3, 64),
(5, 64),
(5, 65),
(5, 66),
(6, 67),
(7, 68),
(2, 69),
(1, 70),
(1, 71),
(5, 72),
(8, 72),
(7, 73),
(7, 74),
(7, 75),
(7, 76),
(7, 77),
(7, 78),
(7, 79),
(7, 80),
(7, 81),
(1, 82),
(7, 83),
(2, 84),
(6, 84),
(7, 84),
(2, 85),
(7, 85),
(3, 86),
(5, 86),
(6, 86),
(8, 86),
(5, 87),
(6, 87),
(8, 87),
(5, 88),
(6, 88),
(8, 88),
(7, 89),
(6, 90),
(5, 91),
(7, 92),
(7, 93),
(3, 94),
(6, 94),
(7, 94),
(8, 94),
(1, 95),
(7, 96),
(7, 97),
(3, 98),
(5, 98),
(6, 98),
(7, 98),
(8, 98),
(7, 99),
(7, 100),
(7, 101),
(3, 102),
(5, 102),
(1, 103),
(7, 104),
(7, 105),
(2, 106),
(7, 107),
(7, 108),
(1, 109),
(1, 110),
(7, 111),
(5, 112),
(5, 113),
(2, 114),
(7, 114),
(5, 115),
(6, 115),
(7, 115),
(5, 116),
(6, 117),
(7, 117),
(8, 117),
(5, 118),
(6, 118),
(8, 118),
(5, 119),
(5, 120),
(3, 121),
(7, 121),
(5, 122),
(6, 122),
(7, 122),
(7, 123),
(6, 123),
(7, 124),
(2, 125),
(7, 125),
(8, 125),
(7, 126),
(5, 127),
(5, 128),
(7, 129),
(7, 130),
(8, 130),
(6, 131),
(7, 131),
(8, 131),
(2, 132),
(6, 132),
(7, 132),
(7, 133),
(7, 134),
(7, 135),
(5, 136),
(7, 137),
(3, 138),
(5, 138),
(8, 138),
(6, 139),
(5, 140),
(7, 141),
(6, 142),
(7, 142),
(5, 143),
(7, 144),
(3, 145),
(7, 145),
(8, 145),
(7, 146),
(8, 146),
(5, 147),
(6, 147),
(7, 147),
(7, 148),
(7, 149),
(7, 150),
(3, 151),
(7, 151),
(7, 152),
(7, 153),
(7, 154),
(7, 155),
(7, 156),
(7, 157),
(7, 158),
(7, 159),
(7, 160),
(5, 161),
(7, 162),
(7, 163),
(7, 164),
(7, 166),
(5, 166),
(7, 167),
(1, 168),
(7, 169),
(7, 170),
(5, 171),
(7, 171),
(7, 172),
(1, 173),
(5, 175),
(7, 176),
(3, 177),
(4, 177),
(5, 177),
(6, 177),
(7, 177),
(8, 177),
(2, 178),
(7, 178),
(1, 179),
(1, 180),
(3, 181),
(5, 181),
(7, 181),
(8, 181),
(1, 182),
(1, 183),
(6, 184),
(7, 184),
(8, 184),
(7, 185),
(1, 186),
(7, 187),
(7, 188),
(5, 189),
(7, 189),
(7, 190),
(1, 191),
(5, 192),
(7, 193),
(3, 194),
(4, 194),
(5, 194),
(6, 194),
(7, 194),
(8, 194),
(1, 196),
(7, 197),
(1, 198),
(7, 199),
(7, 200),
(5, 201),
(7, 201),
(7, 202),
(1, 203),
(5, 204),
(7, 205),
(3, 206),
(4, 206),
(5, 206),
(6, 206),
(7, 206),
(8, 206),
(2, 207),
(7, 207),
(1, 208),
(2, 209),
(1, 210),
(1, 211),
(8, 212),
(1, 213),
(2, 214),
(1, 215),
(1, 216),
(8, 217),
(1, 218);

-- --------------------------------------------------------

--
-- Structure de la table `produit`
--

DROP TABLE IF EXISTS `produit`;
CREATE TABLE IF NOT EXISTS `produit` (
  `idprod` bigint NOT NULL AUTO_INCREMENT,
  `nomprod` varchar(255) NOT NULL,
  `type_emballage` varchar(128) DEFAULT NULL,
  `poids` varchar(128) DEFAULT NULL,
  `nature` varchar(128) DEFAULT NULL,
  `utilisation` varchar(128) DEFAULT NULL,
  `fabriquant` varchar(128) DEFAULT NULL,
  `photo` varchar(128) DEFAULT NULL,
  `fds` varchar(255) DEFAULT NULL,
  `danger` varchar(255) DEFAULT NULL,
  `risque` varchar(2550) CHARACTER SET utf8mb4 COLLATE utf8mb4_0900_ai_ci DEFAULT NULL,
  PRIMARY KEY (`idprod`)
) ENGINE=InnoDB AUTO_INCREMENT=219 DEFAULT CHARSET=utf8mb4 COLLATE=utf8mb4_0900_ai_ci;

--
-- Déchargement des données de la table `produit`
--

INSERT INTO `produit` (`idprod`, `nomprod`, `type_emballage`, `poids`, `nature`, `utilisation`, `fabriquant`, `photo`, `fds`, `danger`, `risque`) VALUES
(25, 'ACIDE ASCORBIQUE', 'CARTON', '25 KG', 'SOLIDE', 'ANTIOXYDANT', 'LUWEI PHARMACEUTICAL GROUP', 'ACIDE ASCORBIQUE.JPG', 'ACIDE ASCORBIQUE.PDF', '1', ' IRRITANT POUR LA PEAU ET LES YEUX.'),
(26, 'ACIDE CHLORHYDRIQUE 32%', 'BIDON PEHD', '30 KG', 'LIQUIDE', 'NETTOYAGE ET DESINFECTION', 'BARCELONESA', 'ACIDE CHLORHYDRIQUE 32%.JPG', 'ACIDE CHLORHYDRIQUE 32%.PDF', '5, 7', ' TRÈS CORROSIF, PROVOQUE DES BRÛLURES SÉVÈRES, IRRITATIONS RESPIRATOIRES.'),
(27, 'ACIDE LACTIQUE', 'BIDON PEHD', '25 KG', 'LIQUIDE', 'AGENT DE CONSERVATION, ACIDIFIANT ET RÉGULATEUR DE PH', 'JUNGBUNZLAUER', 'ACIDE LACTIQUE.JPG', 'ACIDE LACTIQUE.PDF', '5', ' PEUT CAUSER DES IRRITATIONS CUTANÉES ET OCULAIRES.'),
(28, 'CARAMEL COLORANT LFF40', 'BIDON PEHD', '39.2 KG', 'LIQUIDE', 'COLORANT', 'NIGAY S.A.S', 'CARAMEL COLORANT LFF40.JPG', 'CARAMEL COLORANT LFF40.PDF', '2, 7', ' PEUT CONTENIR DES SUBSTANCES ALLERGIÈNES OU SENSIBILISANTES.'),
(29, 'CARBONATE DE SODIUM', 'SAC EN CARTON', '25 KG', 'SOLIDE', 'ADDITIF', 'HUMENS NOVACARB', 'CARBONATE DE SODIUM.JPG', 'CARBONATE DE SODIUM.PDF', '7', ' IRRITANT POUR LES YEUX ET LA PEAU, PEUT ÊTRE ABRASIF.'),
(30, 'CO2 HOP EXTRACT', 'CARTON', '17,75KG', 'SOLIDE', 'CARBONATATION DES BOISSONS GAZEUSES', 'YAKIMA CHIEF', 'CO2 HOP EXTRACT.JPG', 'CO2 HOP EXTRACT.PDF', '4', ' IRRITANT, PEUT CAUSER DES BRÛLURES EN CAS DE CONTACT AVEC LA PEAU OU LES YEUX.'),
(31, 'LACTOSE HYDRATE', 'CARTON', '25 KG', 'SOLIDE', 'ADDITIFS ALIMENTAIRES', 'QEMICAL', 'LACTOSE HYDRATE.JPG', 'LACTOSE HYDRATE.PDF', '2, 4, 5', ' RISQUE FAIBLE, MAIS PEUT CAUSER DES IRRITATIONS EN CAS DE CONTACT PROLONGÉ AVEC LA PEAU.'),
(32, 'LAMINEX MAXFLOW 4G', 'BIDON PEHD', '25 KG', 'LIQUIDE', 'ENZYME', 'DANISCO', 'LAMINEX MAXFLOW 4G.JPG', 'LAMINEX MAXFLOW 4G.PDF', '7', ' PEU DE RISQUES CONNUS, MAIS PEUT ÊTRE IRRITANT POUR LA PEAU OU LES YEUX.'),
(33, 'PELLETS TYPE 90', 'CARTON', '20 KG', 'SOLIDE', 'HOUBLON', 'HOPSTEINER', 'PELLETS TYPE 90 (HOUBLON).JPG', 'PELLETS TYPE 90.PDF', '1', ' RISQUE D&#039;IRRITATION DES VOIES RESPIRATOIRES.'),
(34, 'SULFITING AGENTS', 'SAC EN PLASTIQUE', '20 KG', 'SOLIDE', 'CONSERVATEUR', 'ENARTIS', 'SULFITING AGENTS WINY.JPG', 'SULFITING AGENTS WINY.PDF', '1', ' RISQUE D&#039;ALLERGIE ET D&#039;IRRITATION RESPIRATOIRE.'),
(35, 'TERMAMYL SC 4X', 'BIDON PEHD', '25 KG', 'LIQUIDE', 'ENZYME', 'NOVOZYMES', 'TERMAMYL SC 4X.JPG', NULL, '7', ' PEUT PROVOQUER DES IRRITATIONS CUTANÉES ET OCULAIRES.'),
(36, 'ZINC CHLORIDE, ANHYDROUS', 'CARTON', '15 KG', 'SOLIDE', 'AGENT DESSÉCHANT ET CATALYSEUR', 'HONEYWELL', 'ZINC CHLORIDE, ANHYDROUS.JPG', NULL, '5, 7, 8', ' CORROSIF, PEUT CAUSER DES BRÛLURES CHIMIQUES.'),
(37, 'DELTA HP UN2922', 'BIDON PEHD', '25 KG', 'LIQUIDE', 'NETTOYAGE D&#039;ACIDE ET ÉLIMINATION DU BIERSTEIN ET CALCAIRE', 'SOPURA', 'DETAL HP UN2922.JPG', NULL, '5, 6', ' CORROSIF, PEUT PROVOQUER DES BRÛLURES CHIMIQUES ET DES IRRITATIONS RESPIRATOIRES.'),
(38, 'DIVERGAN F', 'CARTON', '20 KG', 'SOLIDE', 'CLARIFIANT ET PURIFICATEUR', 'BASF', 'DIVERGAN F.JPG', NULL, '1', ' PEU DE RISQUES, MAIS PEUT ÊTRE IRRITANT POUR LA PEAU OU LES YEUX.'),
(39, 'FERMCAP AT', 'BIDON PEDH', '25 KG', 'LIQUIDE', 'STABILISATEUR DE MOUSSE', 'KERRY INGREDIENTS &AMP; FLAVOURS LTD.', 'FERMCAP AT.JPG', 'FERMCAP AT.PDF', '1', ' PEU DE RISQUES CONNUS, MAIS PEUT ÊTRE IRRITANT POUR LA PEAU OU LES YEUX.'),
(40, 'HYPOCHLORITE DE CALCIUM GRANULE', 'SEAU PEHD', '26,4 KG', 'LIQUIDE', 'NETTOYAGE ET DESINFECTION', 'ALM INTERNATIONAL', 'HYPOCHLORITE DE CALCIUM GRANULE.JPG', 'HYPOCHLORITE DE CALCIUM GRANULE.PDF', '3, 5, 7, 8', ' FORTEMENT OXYDANT, CORROSIF, PEUT PROVOQUER DES BRÛLURES.'),
(41, 'MIX KTA', 'BIDON PEHD', '20 L', 'LIQUIDE', ' UTILISÉ POUR RÉGULER L&#039;ACIDITÉ ET AMÉLIORER LA CONSERVATION DES ALIMENTS ET DES BOISSONS', 'KERSIA GROUP', 'MIX KTA .JPG', 'MIX KTA.PDF', '2, 7, 8', ' PEU DE RISQUES, MAIS MANIPULATION AVEC PRÉCAUTION RECOMMANDÉE.'),
(42, 'PASCAL VA5', 'BIDON PEHD', '20 L', 'LIQUIDE', 'NETTOYAGE', 'DIVERSEY', 'PASCAL VA5.JPG', 'PASCAL VA5.PDF', '5', ' RISQUE D&#039;IRRITATION CUTANÉE ET RESPIRATOIRE.'),
(43, 'PRAYPHOS™ TSP 12 FG', 'SAC EN CARTON', '25 KG', 'SOLIDE', 'AGENT DE SEQUESTRATION POUR EVITER LES DEPOTS', 'PRAYON', 'PRAYPHOS™ TSP 12 FG.JPG', 'PRAYPHOS™ TSP 12 FG.PDF', '7', ' PEU DE RISQUES, MAIS PEUT ÊTRE IRRITANT EN CAS DE CONTACT PROLONGÉ.'),
(44, 'SOPURCLEAN BN', 'FÛT PEHD', '250 KG', 'LIQUIDE', 'NETTOYANT ALCALIN', 'SOCIETE INDUSTRIELLE DE DIFFUSION', 'SUPURCLEAN BN.JPG', 'YMD650490084-EN.PDF', '5', ' FORTEMENT OXYDANT, PEUT PROVOQUER DES BRÛLURES ET IRRITATIONS.'),
(45, 'SOPUROXID 15', 'BIDON PEHD', '30 L', 'LIQUIDE', 'DESINFECTION DES EQUIPEMENTS', 'NULL', 'SOPUROXID 15.JPG', 'SOPUROXID 15.PDF', '2, 5, 7', ' FORTEMENT OXYDANT, PEUT PROVOQUER DES BRÛLURES ET IRRITATIONS.'),
(48, '1,10- PHENANTHROLINE HYDROCHLORIDE', 'BOITE', '5 G', 'SOLIDE', 'RéACTIF POUR LA DéTECTION DE MéTAUX', 'MERCK', '1,10- PHENANTHROLINE HYDROCHLORIDE.jpg', '1,10- PHENANTHROLINE HYDROCHLORIDE.pdf', '7, 8', 'NOCIF PAR INGESTION, IRRITANT POUR LA PEAU ET LES YEUX, TOXIQUE POUR LES ORGANISMES AQUATIQUES.'),
(49, '1,2-PHENYLENE-DIAMINE', 'BOITE', '50 G', 'SOLIDE', 'RéACTIF POUR TITRAGES OU ANALYSES MéTALLIQUES', 'MERCK', '1,2-PHENYLENE-DIAMINE.jpg', '1,2-PHENYLENE-DIAMINE.pdf', '6, 7', 'TOXIQUE PAR INGESTION, CONTACT CUTANé OU INHALATION, SENSIBILISANT CUTANé, IRRITANT OCULAIRE, PEUT CAUSER DES DOMMAGES GéNéTIQUES.'),
(50, '1-OCTANOL', 'FLACON', '1 L', 'LIQUIDE', 'UTILISé COMME SOLVANT ET DANS LA SYNTHèSE DE COMPOSéS ORGANIQUES.', 'VWR CHEMICALS', '1-OCTANOL.jpg', '1-OCTANOL.pdf', '7, 8', 'IRRITANT POUR LA PEAU ET LES YEUX, PEUT PROVOQUER SOMNOLENCE OU VERTIGES, NOCIF POUR LES ORGANISMES AQUATIQUES.'),
(51, '2,2- BIPYRIDINE', 'BOITE', '5 G, 10 G', 'SOLIDE', 'RéACTIF POUR ANALYSES MéTALLIQUES', 'MERCK/PROLABO', '2,2- BIPYRIDINE.jpg', '2,2- BIPYRIDINE.pdf', '6, 7', 'TOXIQUE PAR INGESTION, NOCIF PAR CONTACT CUTANé, IRRITANT POUR LES YEUX.'),
(52, '2,2,4-TRIMETHYL PENTANE (isoctane)', 'FLACON', '1 L 2,5 L', 'LIQUIDE', 'TAMPON POUR SOLUTIONS D’ANALYSE', 'FISHER CHEMICAL', '2,2,4-TRIMETHYL PENTANE (isoctane).jpg', '2,2,4-TRIMETHYL PENTANE (isoctane).pdf', '2, 7, 8', 'LIQUIDE INFLAMMABLE, PEUT êTRE MORTEL EN CAS D\'INGESTION ET DE PéNéTRATION DANS LES VOIES RESPIRATOIRES, IRRITANT POUR LA PEAU, TOXIQUE POUR LES ORGANISMES AQUATIQUES.'),
(53, '2-PHENYLETHANOL', 'FLACON', '250 ML', 'LIQUIDE', 'INDICATEUR DE PH POUR TITRAGES', 'MERCK', '2-PHENYLETHANOL.jpg', '2-PHENYLETHANOL.pdf', '7', 'NOCIF PAR INGESTION, IRRITANT POUR LA PEAU ET LES YEUX.'),
(54, 'ACETALDEHYDE', 'BOITE', '10 G', 'SOLIDE', 'PRéCURSEUR D\'ARôMES OU éTUDE CHIMIQUE', 'FLAVOR ACTIV', 'ACETALDEHYDE.jpg', 'ACETALDEHYDE.pdf', '2, 7', 'TRèS INFLAMMABLE, CANCéRIGèNE SUSPECTé, IRRITANT POUR LES YEUX ET LES VOIES RESPIRATOIRES.'),
(55, 'ACETATES D\'AMMONIUM', 'FLACON', '1 KG', 'SOLIDE', 'TAMPONS DANS DES SOLUTIONS BIOLOGIQUES POUR MAINTENIR LE PH', 'MERCK', 'ACETATES D\'AMMONIUM.jpg', 'ACETATES D\'AMMONIUM.pdf', '7', 'FAIBLEMENT IRRITANT POUR LES YEUX ET LA PEAU.'),
(56, 'ACETONE', 'FLACON', '1 L', 'LIQUIDE', 'RéACTIF POUR TESTS DE SOLVANTS', 'FISHER CHEMICAL', 'ACETONE.jpg', 'ACETONE.pdf', '2, 7', 'LIQUIDE TRèS INFLAMMABLE, IRRITANT POUR LES YEUX, PEUT PROVOQUER SOMNOLENCE OU VERTIGES.'),
(57, 'ACIDE ACETIQUE', 'FLACON', '1L', 'LIQUIDE', 'EMPLOYé COMME RéACTIF DANS LA SYNTHèSE ORGANIQUE ET COMME AGENT ACIDIFIANT', 'HONEYWELL/FLUKA', 'ACIDE ACETIQUE.jpeg', 'ACIDE ACETIQUE.pdf', '2, 5', 'LIQUIDE INFLAMMABLE, CORROSIF, PROVOQUE DES BRûLURES CUTANéES ET LéSIONS OCULAIRES GRAVES.'),
(58, 'ACIDE ASCORBIQUE', 'FLACON', '1 L', 'SOLIDE', 'TAMPON POUR ANALYSE OU RéGULATION DE PH', 'HONEYWELL/FLUKA', 'ACIDE ASCORBIQUE.jpg', 'ACIDE ASCORBIQUE.pdf', '7', 'FAIBLEMENT IRRITANT POUR LES YEUX ET LA PEAU à FORTE CONCENTRATION.'),
(59, 'ACIDE CHLORHYDRIQUE 1N', 'FLACON', '1 L', 'LIQUIDE', 'RéACTIF POUR TITRAGES OU ANALYSES', 'HUMMEAU', 'ACIDE CHLORHYDRIQUE 1N.jpg', 'ACIDE CHLORHYDRIQUE 1N.pdf', '5', 'CORROSIF, PROVOQUE DES BRûLURES CUTANéES ET LéSIONS OCULAIRES GRAVES, IRRITANT POUR LES VOIES RESPIRATOIRES.'),
(60, 'ACIDE CITRIQUE', 'SACHET', '10 ML', 'POUDRE', 'UTILISé COMME AGENT CHéLATANT ET CONSERVATEUR DANS LES APPLICATIONS ALIMENTAIRES ET PHARMACEUTIQUES.', 'HACH', 'ACIDE CITRIQUE.jpg', 'ACIDE CITRIQUE.pdf', '7', 'IRRITANT POUR LES YEUX, PEUT PROVOQUER UNE IRRITATION CUTANéE.'),
(61, 'ACIDE ETHYLENEDIAMINETETRAACETIQUE, SEL DISODIQUE DIHYDRATE', 'BOITE', '1 KG', 'SOLIDE', 'AGENT COMPLEXANT POUR ANALYSES MéTALLIQUES', 'VWR CHEMICALS', 'ACIDE ETHYLENEDIAMINETETRAACETIQUE, SEL DISODIQUE DIHYDRATE.jpg', 'ACIDE ETHYLENEDIAMINETETRAACETIQUE, SEL DISODIQUE DIHYDRATE.pdf', '7', 'IRRITANT POUR LES YEUX ET LA PEAU, TOXIQUE à HAUTE DOSE.'),
(62, 'ACIDE FERULIC', 'FLACON', '10 ML', 'LIQUIDE', 'AU LABORATOIRE, L\'ACIDE FéRULIQUE EST UTILISé COMME AGENT ANTIOXYDANT DANS LES FORMULATIONS DE TESTS ET D\'ANALYSES', 'SABC', 'ACIDE FERULIC.jpg', 'ACIDE FERULIC.pdf', '7', 'IRRITANT POUR LES YEUX ET LA PEAU.'),
(63, 'ACIDE FORMIQUE', 'FLACON', '2,5L', 'LIQUIDE', 'UTILISé COMME CONSERVATEUR, DéSINFECTANT ET DANS L\'INDUSTRIE CHIMIQUE.', 'SABC', 'ACIDE FORMIQUE.jpg', 'ACIDE FORMIQUE.pdf', '5, 6', 'CORROSIF, PROVOQUE DES BRûLURES CUTANéES ET LéSIONS OCULAIRES GRAVES, TOXIQUE PAR INHALATION.'),
(64, 'ACIDE NITRIQUE', 'FLACON', '1 L', 'LIQUIDE', 'SOLVANT POUR ANALYSES CHIMIQUES', 'HONEYWELL/FLUKA', 'ACIDE NITRIQUE.jpg', 'ACIDE NITRIQUE.pdf', '3, 5', 'OXYDANT PUISSANT, CORROSIF, PROVOQUE DES BRûLURES GRAVES, DéGAGE DES VAPEURS TOXIQUES.'),
(65, 'ACIDE PHOSPHORIQUE', 'FLACON', '1 L, 2 L', 'LIQUIDE', 'SOLUTION TAMPON POUR ANALYSES', 'HONEYWELL/FLUKA', 'ACIDE PHOSPHORIQUE.jpg', 'ACIDE PHOSPHORIQUE.pdf', '5', 'CORROSIF, PROVOQUE DES BRûLURES CUTANéES ET LéSIONS OCULAIRES GRAVES.'),
(66, 'ACIDE SULFURIQUE 95-97%', 'FLACON', '1 L', 'LIQUIDE', 'AJUSTEMENT DU PH OU NETTOYAGE', 'HONEYWELL/FLUKA', 'ACIDE SULFURIQUE 95-97%.jpg', 'ACIDE SULFURIQUE 95-97%.pdf', '5', 'TRèS CORROSIF, PROVOQUE DES BRûLURES GRAVES, RéAGIT VIOLEMMENT AVEC L\'EAU.'),
(67, 'ACTIDIONE', 'BOITE', '0,5 L', 'SOLIDE', 'ANTIBIOTIQUE UTILISé EN MICROBIOLOGIE POUR INHIBER LA CROISSANCE FONGIQUE PENDANT LA CULTURE BACTéRIENNE.', 'SABC', 'ACTIDIONE.jpg', 'ACTIDIONE.pdf', '6', 'TOXIQUE PAR INGESTION, NOCIF PAR CONTACT CUTANé ET INHALATION.'),
(68, 'AGAR ENDO (BASE)', 'BOUTEILLE', '200 ML', 'LIQUIDE', 'MILIEUX UTILISéS POUR CULTIVER DIFFéRENTES SOUCHES BACTéRIENNES EN LABORATOIRE.', 'SABC', 'AGAR ENDO (BASE).jpg', 'AGAR ENDO (BASE).pdf', '7', 'FAIBLE RISQUE, IRRITANT POTENTIEL POUR LA PEAU ET LES YEUX.'),
(69, 'ALCOOL 96%', 'BOUTEILLE', '1 L', 'LIQUIDE', 'UTILISé COMME DéSINFECTANT, SOLVANT OU DANS DES PRéPARATIONS DE LABORATOIRE.', 'SABC', 'ALCOOL 96%.jpg', 'ALCOOL 96%.pdf', '2', 'LIQUIDE INFLAMMABLE, IRRITANT POUR LES YEUX.'),
(70, 'AMIDON 1%', 'FLACON', '200 ML', 'LIQUIDE', 'UTILISé COMME INDICATEUR LORS DES TESTS D\'IODE (POUR DéTECTER L\'AMIDON).', 'SABC', 'AMIDON 1%.jpg', 'AMIDON 1%.pdf', '1', 'RISQUE MINIMAL.'),
(71, 'AMIDON SOLUBLE', 'BOITE', '1 KG', 'SOLIDE', 'SUPPORT DE FILTRATION OU AGENT éPAISSISSANT', 'SIGMA ALDRICH', 'AMIDON SOLUBLE.jpg', 'AMIDON SOLUBLE.pdf', '1', 'RISQUE MINIMAL.'),
(72, 'AMMONIAQUE SOLUTION', 'BOITE', '1 L', 'LIQUIDE', 'SOLVANT POUR NETTOYAGE OU ANALYSES CHIMIQUES', 'VWR CHEMICALS', 'AMMONIAQUE SOLUTION.jpg', 'AMMONIAQUE SOLUTION.pdf', '5, 8', 'CORROSIF, IRRITANT POUR LES YEUX, LA PEAU ET LES VOIES RESPIRATOIRES, TOXIQUE POUR LES ORGANISMES AQUATIQUES.'),
(73, 'AMMONIUM EISEN 2-SULFATE', 'FLACON', '500 G', 'SOLIDE', 'RéACTIF DANS LES ANALYSES MéTALLIQUES', 'MERCK', 'AMMONIUM EISEN 2-SULFATE.jpg', 'AMMONIUM EISEN 2-SULFATE.pdf', '7', 'IRRITANT POUR LES YEUX ET LA PEAU.'),
(74, 'AMMONIUM HEPTAMOLYBDATE 4AQ P', 'FLACON', '1 KG', 'SOLIDE', 'AGENT ANTIOXYDANT OU CONSERVATEUR', 'CHEM-LAB', 'AMMONIUM HEPTAMOLYBDATE 4AQ P.jpg', 'AMMONIUM HEPTAMOLYBDATE 4AQ P.pdf', '7', 'NOCIF PAR INGESTION, IRRITANT POUR LES YEUX ET LA PEAU.'),
(75, 'AMMONIUM HEPTHAMOLBDATE TETRAHYDRATE', 'BOITE', '1 KG', 'SOLIDE', 'STABILISANT OU CLARIFIANT POUR BOISSONS', 'VWR CHEMICALS', 'AMMONIUM HEPTHAMOLBDATE TETRAHYDRATE.jpg', 'AMMONIUM HEPTHAMOLBDATE TETRAHYDRATE.pdf', '7', 'NOCIF PAR INGESTION, IRRITANT POUR LES YEUX ET LA PEAU.'),
(76, 'AMMONIUM IRON 3 CITRATE', 'BOITE', '1 KG', 'SOLIDE', 'AJUSTEMENT DU PH OU SOLUTION TAMPON', 'HONEYWELL FLUKA', 'AMMONIUM IRON 3 CITRATE.jpg', 'AMMONIUM IRON 3 CITRATE.pdf', '7', 'IRRITANT POUR LES YEUX ET LA PEAU.'),
(77, 'AMMONIUM IRON 3 SULFATE DODECAHYDRATE', 'BOITE', '500 G', 'SOLIDE', 'AJUSTEMENT DE LA DURETé DE L’EAU', 'MERCK', 'AMMONIUM IRON 3 SULFATE DODECAHYDRATE.jpg', 'AMMONIUM IRON 3 SULFATE DODECAHYDRATE.pdf', '7', 'IRRITANT POUR LES YEUX ET LA PEAU.'),
(78, 'BLEU DE BROMOTHYMOL', 'BOITE', '25 G', 'SOLIDE', 'RéACTIF ANALYTIQUE (UTILISATION TRèS CONTRôLéE)', 'MERCK KGAA', 'BLEU DE BROMOTHYMOL.jpg', 'BLEU DE BROMOTHYMOL.pdf', '7', 'FAIBLEMENT IRRITANT POUR LES YEUX ET LA PEAU.'),
(79, 'CALCIUM CHLORIDE DIHYDRATE', 'FLACON', '1 KG', 'SOLIDE', 'RéGULATION DE LA DURETé DE L’EAU', 'HONEYWELL FLUKA', 'CALCIUM CHLORIDE DIHYDRATE.jpg', 'CALCIUM CHLORIDE DIHYDRATE.pdf', '7', 'IRRITANT POUR LES YEUX.'),
(80, 'CALCON', 'SACHET', '1 L', 'SOLIDE', 'INDICATEUR COLORé UTILISé DANS LES TITRATIONS COMPLEXES AVEC DES MéTAUX LOURDS.', 'SABC', 'CALCON.jpg', 'CALCON.pdf', '7', 'IRRITANT POUR LES YEUX ET LA PEAU.'),
(81, 'CARBONATE DE CALCIUM', 'BOITE', '0,5 L', 'SOLIDE', 'UTILISé COMME SOURCE DE CALCIUM DANS LES EXPéRIENCES DE CHIMIE ANALYTIQUE', 'HUMENS NOVACARB', 'CARBONATE DE CALCIUM.png', 'CARBONATE DE CALCIUM.pdf', '7', 'FAIBLE RISQUE, PEUT CAUSER UNE IRRITATION MéCANIQUE.'),
(82, 'CARBOXYMETHYLCELLULOSE SEL DE SODIUM', 'BOITE', '1 KG', 'SOLIDE', 'STABILISANT POUR LES FORMULATIONS', 'SIGMA ALDRICH', 'CARBOXYMETHYLCELLULOSE SEL DE SODIUM.jpg', 'CARBOXYMETHYLCELLULOSE SEL DE SODIUM.pdf', '1', 'RISQUE MINIMAL.'),
(83, 'CARMIN D\'INDIGO', 'BOUTEILLE', '25 G', 'LIQUIDE', 'UTILISé COMME COLORANT DANS DIVERSES APPLICATIONS, Y COMPRIS LES ANALYSES HISTOLOGIQUES', 'NEON', 'CARMIN D\'INDIGO.png', 'CARMIN D\'INDIGO.pdf', '7', 'FAIBLEMENT IRRITANT POUR LES YEUX ET LA PEAU.'),
(84, 'BENZENE', 'BOUTEILLE', '1 L', 'LIQUIDE', 'EMPLOYé COMME SOLVANT DANS DES RéACTIONS CHIMIQUES ET DES EXTRACTIONS', 'MERCK', 'BENZENE.jpg', 'BENZENE.pdf', '2, 6, 7', 'CANCéRIGèNE CONFIRMé, INFLAMMABLE, TOXIQUE, PEUT CAUSER DES LéSIONS DE LA MOELLE OSSEUSE.'),
(85, 'CHARBON ACTIF', 'BOITE METALLIQUE', '1 KG', 'SOLIDE', 'UTILISé POUR ADSORBER LES IMPURETéS ET PURIFIER LES SOLUTIONS', 'HONEYWELL/FLUKA', 'CHARBON ACTIF.jpg', 'CHARBON ACTIF.pdf', '2, 7', 'PEUT FORMER DES MéLANGES AIR-POUSSIèRE EXPLOSIFS, IRRITANT RESPIRATOIRE.'),
(86, 'CHLORE EN GRAIN', 'SACHET', '200 ML', 'SOLIDE', 'EMPLOYé POUR DéSINFECTER LES SURFACES ET LES éQUIPEMENTS DE LABORATOIRE AFIN D\'éLIMINER LES MICROORGANISMES.', 'SABC', 'CHLORE EN GRAIN.jpg', 'CHLORE EN GRAIN.pdf', '3, 5, 6, 8', 'OXYDANT PUISSANT, CORROSIF, TOXIQUE PAR INHALATION, TRèS TOXIQUE POUR LES ORGANISMES AQUATIQUES.'),
(87, 'CHLORINE ULTRA HR REAGENT A', 'CARTON', '0,13 G', 'LIQUIDE', 'TEST DE CONCENTRATION DE CHLORE DANS L’EAU', 'HANNA INSTRUMENTS', 'CHLORINE ULTRA HR REAGENT A.jpg', 'CHLORINE ULTRA HR REAGENT A.pdf', '5, 6, 8', 'CORROSIF, TOXIQUE PAR INHALATION, DANGEREUX POUR L\'ENVIRONNEMENT.'),
(88, 'CHLORINE ULTRA HR REAGENT B', 'CARTON', '0,13 G', 'LIQUIDE', 'ANALYSE DE LA QUALITé DE L\'EAU (DéSINFECTION)', 'HANNA INSTRUMENTS', 'CHLORINE ULTRA HR REAGENT B.jpg', 'CHLORINE ULTRA HR REAGENT B.pdf', '5, 6, 8', 'CORROSIF, TOXIQUE PAR INHALATION, DANGEREUX POUR L\'ENVIRONNEMENT.'),
(89, 'CHLORURE D\'AMMONIUM', 'FLACON', '1 KG', 'SOLIDE', 'AJUSTEMENT DU PH OU RéACTIONS CHIMIQUES POUR ANALYSES', 'HONEYWELL FLUKA', 'CHLORURE D\'AMMONIUM.jpg', 'CHLORURE D\'AMMONIUM.pdf', '7', 'NOCIF PAR INGESTION, IRRITANT POUR LES YEUX.'),
(90, 'CHLORURE DE BARYUM', 'FLACON', '500 G', 'SOLIDE', 'UTILISé POUR TESTER LA PRéSENCE DE SULFATE PAR PRéCIPITATION', 'ANHYDROUS, LAB GRADE', 'CHLORURE DE BARYUM.jpg', 'CHLORURE DE BARYUM.pdf', '6', 'TOXIQUE PAR INGESTION ET INHALATION.'),
(91, 'CHLORURE DE FER', 'BOUTEILLE PEHD', '250 G', 'SOLIDE', 'EMPLOYé COMME RéACTIF DANS DES RéACTIONS DE COMPLEXATION ET D\'OXYDATION.', 'MERCK', 'CHLORURE DE FER.jpg', 'CHLORURE DE FER.pdf', '5', 'CORROSIF, PROVOQUE DES BRûLURES CUTANéES ET LéSIONS OCULAIRES GRAVES.'),
(92, 'CHLORURE DE POTASSIUM', 'FLACON', '1 KG', 'SOLIDE', 'NEUTRALISATION ET AJUSTEMENT DE PH', 'HONEYWELL/FLUKA', 'CHLORURE DE POTASSIUM.jpg', 'CHLORURE DE POTASSIUM.pdf', '7', 'FAIBLE RISQUE, PEUT CAUSER UNE IRRITATION DES YEUX ET LA PEAU.'),
(93, 'CHLORURE DE SODIUM', 'FLACON', '1 L', 'SOLIDE', 'RéACTIF OU NETTOYAGE ALCALIN', 'HONEYWELL/FLUKA', 'CHLORURE DE SODIUM.jpg', 'CHLORURE DE SODIUM.pdf', '7', 'FAIBLE RISQUE, PEUT CAUSER UNE IRRITATION DES YEUX.'),
(94, 'CHROMATE DE POTASSIUM', 'FLACON', '250 G', 'SOLIDE', 'ANTIOXYDANT DANS CERTAINES ANALYSES', 'MERCK', 'CHROMATE DE POTASSIUM.jpg', 'CHROMATE DE POTASSIUM.pdf', '3, 6, 7, 8', 'CANCéRIGèNE, MUTAGèNE, TOXIQUE POUR LA REPRODUCTION, SENSIBILISANT CUTANé, TOXIQUE POUR LES ORGANISMES AQUATIQUES.'),
(95, 'D-FRUCTOSE', 'BOITE', '250 G', 'SOLIDE', 'ÉTUDES SUCRIèRES OU AJUSTEMENT DE SAVEURS', 'MERCK', 'D-FRUCTOSE.jpg', 'D-FRUCTOSE.pdf', '1', 'RISQUE MINIMAL.'),
(96, 'DI POTASSIUM HYDROGENOPHOSPHATE ANHYDRE', 'BOUTEILLE PEHD', '500 G', 'SOLIDE', 'UTILISé COMME TAMPON DANS DES SOLUTIONS BIOLOGIQUES.', 'HI MEDIA LABORATORIES', 'DI POTASSIUM HYDROGENOPHOSPHATE ANHYDRE.jpeg', 'DI POTASSIUM HYDROGENOPHOSPHATE ANHYDRE.pdf', '7', 'FAIBLEMENT IRRITANT POUR LES YEUX ET LA PEAU.'),
(97, 'DICHLOROMETHANE', 'BOUTEILLE EN VERRE', '1 L', 'LIQUIDE', 'EMPLOYé COMME SOLVANT ORGANIQUE POUR EXTRAIRE DES COMPOSéS HYDROPHOBE', 'SRLCHEM', 'DICHLOROMETHANE.jpg', 'DICHLOROMETHANE.pdf', '7', 'CANCéRIGèNE SUSPECTé, DéPRESSEUR DU SYSTèME NERVEUX CENTRAL, IRRITANT POUR LES VOIES RESPIRATOIRES.'),
(98, 'DICHROMATE DE POTASSIUM', 'FLACON', '1 L', 'SOLIDE', 'NETTOYAGE ET PRéPARATION DE SOLUTIONS ANALYTIQUES', 'SIGMA ALDRICH', 'DICHROMATE DE POTASSIUM.jpg', 'DICHROMATE DE POTASSIUM.pdf', '3, 5, 6, 7, 8', 'CANCéRIGèNE, MUTAGèNE, TOXIQUE POUR LA REPRODUCTION, CORROSIF, OXYDANT, SENSIBILISANT CUTANé.'),
(99, 'DI-SODIUM HYDROGEN PHOSPHATE', 'FLACON', '1 KG', 'SOLIDE', 'RéACTIF STANDARD POUR TESTS DE QUALITé DE L’EAU', 'MERCK', 'DI-SODIUM HYDROGEN PHOSPHATE.jpg', 'DI-SODIUM HYDROGEN PHOSPHATE.pdf', '7', 'FAIBLEMENT IRRITANT POUR LES YEUX ET LA PEAU.'),
(100, 'DI-SODIUM HYDROGEN PHOSPHATE DODECAHYDRATE', 'BOITE', '5 KG', 'SOLIDE', 'PRéPARATION DE SOLUTIONS STANDARDISéES POUR éTALONNAGE', 'VWR CHEMICALS', 'DI-SODIUM HYDROGEN PHOSPHATE DODECAHYDRATE.jpg', 'DI-SODIUM HYDROGEN PHOSPHATE DODECAHYDRATE.pdf', '7', 'FAIBLEMENT IRRITANT POUR LES YEUX ET LA PEAU.'),
(101, 'DPD NO. 4', 'FLACON', '100 G', 'SOLIDE', 'RéACTIF UTILISé POUR DéTERMINER LA CONCENTRATION DE CHLORE DANS LES éCHANTILLONS D\'EAU.', 'LOVIBOND WATER TESTING', 'DPD NO. 4.jpg', 'DPD NO. 4.pdf', '7', 'IRRITANT POUR LES YEUX ET LA PEAU.'),
(102, 'EAU OXYGENEE', 'BOUTEILLE', '250 ML', 'LIQUIDE', 'UTILISéE COMME DéSINFECTANT ET AGENT BLANCHISSANT, ELLE EST SOUVENT UTILISéE POUR NETTOYER LES PLAIES OU DANS DES APPLICATIONS I', 'LABORATOIRE GILBERT', 'EAU OXYGENEE.jpg', 'EAU OXYGENEE.pdf', '3, 5', 'OXYDANT, CORROSIF à FORTE CONCENTRATION, PEUT CAUSER DES BRûLURES.'),
(103, 'EAU PHYSIOLOGIQUE', 'BOITE', '100 ML', 'SOLIDE', 'SOLUTION SALINE UTILISéE POUR HYDRATER OU NETTOYER LES TISSUS CORPORELS, SOUVENT UTILISéE  ET LABORATOIRE', 'SABC', 'EAU PHYSIOLOGIQUE.jpg', 'EAU PHYSIOLOGIQUE.pdf', '1', 'RISQUE MINIMAL.'),
(104, 'EDTA 0,01M', 'FLACON', '1 L', 'LIQUIDE', 'AGENT CHéLATEUR UTILISé POUR LIER LES IONS MéTALLIQUES EN SOLUTION, SOUVENT UTILISé EN BIOCHIMIE.', 'SABC', 'EDTA 0,01M.jpg', 'EDTA 0,01M.pdf', '7', 'FAIBLEMENT IRRITANT POUR LES YEUX ET LA PEAU.'),
(105, 'EDTA SEL DIOSIQUE', 'BOITE', '21 G/MOL', 'LIQUIDE', 'ACIDE FORT UTILISé POUR AJUSTER LE PH OU EFFECTUER DES TITRATIONS.', 'VWR CHEMICALS', 'EDTA SEL DIOSIQUE.jpg', 'EDTA SEL DIOSIQUE.pdf', '7', 'IRRITANT POUR LES YEUX ET LA PEAU.'),
(106, 'ETHANOL ABSOLUTE', 'BOUTEILLE', '2,5L', 'LIQUIDE', 'EMPLOYé COMME SOLVANT DANS DIVERSES APPLICATIONS CHIMIQUES ET BIOLOGIQUES.', 'FISHER CHEMICAL', 'ETHANOL ABSOLUTE.jpg', 'ETHANOL ABSOLUTE.pdf', '2', 'LIQUIDE TRèS INFLAMMABLE, IRRITANT POUR LES YEUX.'),
(107, 'EXTRAN', 'BOUTEILLE', '1L', 'LIQUIDE', 'UTILISé POUR LE NETTOYAGE ET LA DéSINFECTION DES SURFACES EN LABORATOIRE.', 'MERCK', 'EXTRAN.jpg', 'EXTRAN.pdf', '7', 'IRRITANT POUR LES YEUX ET LA PEAU.'),
(108, 'GEL DE SILICE COLORE EN BILLES 2.0-5.0 mm', 'FLACON', '1 KG', 'SOLIDE', 'UTILISé COMME AGENT DESSéCHANT OU DANS LA CHROMATOGRAPHIE.', 'HUMMEAU', 'GEL DE SILICE COLORE EN BILLES 2.0-5.0 mm.jpg', 'GEL DE SILICE COLORE EN BILLES 2.0-5.0 mm.pdf', '7', 'IRRITANT POUR LES VOIES RESPIRATOIRES SI INHALé SOUS FORME DE POUSSIèRE.'),
(109, 'GLYCINE', 'BOITE', ' ', 'SOLIDE', 'AJUSTEMENT DU PH OU TAMPON POUR TESTS CHIMIQUES', 'LOVIBOND WATER', 'GLYCINE.jpg', 'GLYCINE.pdf', '1', 'RISQUE MINIMAL.'),
(110, 'GLYCINE 512171BT', 'FLACON', '250 PCS', 'SOLIDE', 'ACIDE AMINé UTILISé COMME TAMPON ET DANS DES FORMULATIONS BIOLOGIQUES.', 'LOVIBOND WATER', 'GLYCINE 512171BT.jpg', 'GLYCINE 512171BT.pdf', '1', 'RISQUE MINIMAL.'),
(111, 'HCL 0,1N', 'BOITE', '1 L', 'LIQUIDE', 'ACIDE DILUé UTILISé POUR DES TITRATIONS PRéCISES ET AJUSTEMENTS DE PH LéGERS.', 'SABC', 'HCL 0,1N.jpg', 'HCL 0,1N.pdf', '7', 'IRRITANT POUR LES YEUX ET LA PEAU.'),
(112, 'HCL 3N', 'BOITE', '1 L', 'LIQUIDE', 'ACIDES UTILISéS POUR AJUSTER LE PH OU EFFECTUER DES TITRATIONS ACIDO-BASIQUES.', 'SABC', 'HCL 3N.jpg', 'HCL 3N.pdf', '5', 'CORROSIF, PROVOQUE DES BRûLURES CUTANéES ET LéSIONS OCULAIRES GRAVES.'),
(113, 'HCL 4N', 'BOUTEILLE', '1 L', 'LIQUIDE', 'ACIDES UTILISéS POUR AJUSTER LE PH OU EFFECTUER DES TITRATIONS ACIDO-BASIQUES.', 'SABC', 'HCL 4N.jpg', 'HCL 4N.pdf', '5', 'CORROSIF, PROVOQUE DES BRûLURES CUTANéES ET LéSIONS OCULAIRES GRAVES.'),
(114, 'HEXAMETHYLENETETRAMINE', 'BOUTEILLE', '500 G', 'SOLIDE', 'UTILISé COMME AGENT RéDUCTEUR EN CHIMIE ORGANIQUE', 'SIGMA ALDRICH', 'HEXAMETHYLENETETRAMINE.jpeg', 'HEXAMETHYLENETETRAMINE.pdf', '2, 7', 'INFLAMMABLE, SENSIBILISANT CUTANé.'),
(115, 'HYDRAZINE SULFATE', 'BOUTEILLE', '250 ML', 'LIQUIDE', 'EMPLOYéE COMME RéACTIF DANS DES SYNTHèSES ORGANIQUES ET DES ANALYSES CHIMIQUES.', 'MERCK', 'HYDRAZINE SULFATE.png', 'HYDRAZINE SULFATE.pdf', '5, 6, 7', 'CANCéRIGèNE POTENTIEL, TOXIQUE, CORROSIF, SENSIBILISANT CUTANé.'),
(116, 'HYDROCHLORIC ACID FUMING 37%', 'FLACON', '1L', '', 'RéACTIF POUR ANALYSES DE CONTAMINANTS', 'SIGMA ALDRICH', 'HYDROCHLORIC ACID FUMING 37%.jpg', 'HYDROCHLORIC ACID FUMING 37%.pdf', '5', 'TRèS CORROSIF, PROVOQUE DES BRûLURES GRAVES, IRRITANT POUR LES VOIES RESPIRATOIRES.'),
(117, 'HYDROQUINONE', 'FLACON', '250 G', 'SOLIDE', 'DéTECTION D\'ACIDES AMINéS', 'MERCK', 'HYDROQUINONE.jpg', 'HYDROQUINONE.pdf', '6, 7, 8', 'TOXIQUE, CANCéRIGèNE SUSPECTé, SENSIBILISANT CUTANé, TRèS TOXIQUE POUR LES ORGANISMES AQUATIQUES.'),
(118, 'HYDROXYDE D\'AMMONIUM', 'FLACON', '1 L', 'LIQUIDE', 'UTILISé POUR AJUSTER LE PH DANS DIVERSES SOLUTIONS CHIMIQUES.', 'FERMONT', 'HYDROXYDE D\'AMMONIUM.jpg', 'HYDROXYDE D\'AMMONIUM.pdf', '5, 6, 8', 'CORROSIF, PROVOQUE DES BRûLURES GRAVES, TOXIQUE PAR INHALATION, DANGEREUX POUR L\'ENVIRONNEMENT.'),
(119, 'HYDROXYDE DE POTASSIUM', 'BOITE', '5 KG', 'SOLIDE', 'SOLUTION TAMPON POUR RéGLAGES DE PH', 'HONEYWELL/FLUKA', 'HYDROXYDE DE POTASSIUM.jpg', 'HYDROXYDE DE POTASSIUM.pdf', '5', 'TRèS CORROSIF, CAUSE DES BRûLURES GRAVES, HYGROSCOPIQUE.'),
(120, 'HYDROXYDE DE SODIUM', 'FLACON', '1 KG', 'SOLIDE', 'FILTRATION POUR éLIMINER LES IMPURETéS', 'SIGMA ALDRICH', 'HYDROXYDE DE SODIUM.jpg', 'HYDROXYDE DE SODIUM.pdf', '5', 'CORROSIF, PROVOQUE DES BRûLURES GRAVES, RéAGIT AVEC LES ACIDES.'),
(121, 'IODATE DE POTASSIUM', 'BOITE', '500 G', 'SOLIDE', 'INDICATEUR CHIMIQUE OU COLORANT', 'VWR CHEMICALS', 'IODATE DE POTASSIUM.jpg', 'IODATE DE POTASSIUM.pdf', '3, 7', 'OXYDANT, PEUT AGGRAVER UN INCENDIE, NOCIF PAR INGESTION.'),
(122, 'IODE BISUBLIME', 'BOITE', '10 G', 'SOLIDE', 'DéSINFECTION OU TESTS CHIMIQUES', 'MERCK', 'IODE BISUBLIME.jpg', 'IODE BISUBLIME.pdf', '5, 6, 7', 'CORROSIF, TOXIQUE PAR INHALATION, NOCIF PAR CONTACT CUTANé, PEUT CAUSER DES DOMMAGES à LA THYROïDE.'),
(123, 'IODINE SOLUTION', 'FLACON', '1 L', 'LIQUIDE', 'RéACTIF POUR ANALYSES CHIMIQUES OU AJUSTEMENT DU PH', 'HONEYWELL/FLUKA', 'IODINE SOLUTION.jpg', 'IODINE SOLUTION.pdf', '7, 6', 'IRRITANT POUR LA PEAU ET LES YEUX, TOXIQUE PAR INGESTION.'),
(124, 'IODURE DE POTASSIUM', 'BOUTEILLE', '1 KG', 'SOLIDE', 'EMPLOYé POUR PRéPARER DES SOLUTIONS IODéES UTILISéES EN ANALYSE CHIMIQUE', 'CHEM-LAB', 'IODURE DE POTASSIUM.jpg', 'IODURE DE POTASSIUM.pdf', '7', 'IRRITANT POUR LES YEUX ET LA PEAU, NOCIF à FORTE DOSE.'),
(125, 'ISOOCTANE', 'FLACON', '1 L', 'LIQUIDE', 'SOLVANT UTILISé DANS L\'EXTRACTION ET LA PURIFICATION DES COMPOSéS ORGANIQUES.', 'SABC', 'ISOOCTANE.jpg', 'ISOOCTANE.pdf', '2, 7, 8', 'LIQUIDE INFLAMMABLE, PEUT êTRE MORTEL EN CAS D\'INGESTION ET DE PéNéTRATION DANS LES VOIES RESPIRATOIRES, TOXIQUE POUR LES ORGANISMES AQUATIQUES.'),
(126, 'KCL 3M', 'BOUTEILLE', '50 ML', 'LIQUIDE', 'UTILISé COMME SOURCE D\'IONS POTASSIUM DANS LES EXPéRIENCES BIOLOGIQUES.', 'XS SENSOR', 'KCL 3M.jpg', 'KCL 3M.pdf', '7', 'FAIBLEMENT IRRITANT POUR LES YEUX ET LA PEAU.'),
(127, 'KOH 3%', 'FLACON', '100 ML', 'LIQUIDE', 'HYDROXYDE DE POTASSIUM UTILISé COMME BASE FORTE EN CHIMIE ANALYTIQUE ET ORGANIQUE.', 'SABC', 'KOH 3%.jpg', 'KOH 3%.pdf', '5', 'CORROSIF, PROVOQUE DES BRûLURES CUTANéES ET LéSIONS OCULAIRES GRAVES.'),
(128, 'KOH 8N', 'BOUTEILLE', '1 L', 'LIQUIDE', 'HYDROXYDE DE POTASSIUM UTILISé COMME BASE FORTE EN CHIMIE ANALYTIQUE ET ORGANIQUE.', 'SABC', 'KOH 8N.jpg', 'KOH 8N.pdf', '5', 'TRèS CORROSIF, PROVOQUE DES BRûLURES CUTANéES ET LéSIONS OCULAIRES GRAVES.'),
(129, 'LYSINE AGAR', 'FLACON', '250 ML', 'LIQUIDE', 'UTILISé POUR CULTIVER ET IDENTIFIER LES BACTéRIES PRODUCTRICES D\'ACIDE LYSINIQUE.', 'HIMEDIA', 'LYSINE AGAR.png', 'LYSINE AGAR.pdf', '7', 'FAIBLE RISQUE, IRRITANT POTENTIEL POUR LA PEAU ET LES YEUX.'),
(130, 'MALACHITE GREEN OXALATE', 'FLACON', '250 ML', 'LIQUIDE', 'EMPLOYéE COMME COLORANT DANS LES éTUDES HISTOLOGIQUES ET MICROBIOLOGIQUES', 'HIMEDIA', 'MALACHITE GREEN OXALATE.png', 'MALACHITE GREEN OXALATE.pdf', '7, 8', 'NOCIF PAR INGESTION, IRRITANT POUR LES YEUX ET LA PEAU, TOXIQUE POUR LES ORGANISMES AQUATIQUES.'),
(131, 'MERCURY 2 CHLORIDE', 'BOITE', '250 G', 'SOLIDE', 'TAMPON POUR RéGULATION DU PH', 'SUPELCO', 'MERCURY 2 CHLORIDE.jpg', 'MERCURY 2 CHLORIDE.pdf', '6, 7, 8', 'TRèS TOXIQUE PAR INGESTION, INHALATION ET CONTACT CUTANé, PEUT CAUSER DES DOMMAGES NEUROLOGIQUES, BIOACCUMULABLE.'),
(132, 'METHANOL', 'FLACON', '2,5 L', 'LIQUIDE', 'SOLVANT POUR TESTS ANALYTIQUES', 'SIGMA ALDRICH', 'METHANOL.jpg', 'METHANOL.pdf', '2, 6, 7', 'TOXIQUE, INFLAMMABLE, PEUT CAUSER LA CéCITé PAR INGESTION, TOXIQUE POUR LES ORGANES.'),
(133, 'METHYL ORANGE', 'FLACON', '50 ML', 'LIQUIDE', 'INDICATEUR DE PH QUI CHANGE DE COULEUR DANS DES CONDITIONS ACIDES à NEUTRES.', 'SABC', 'METHYL ORANGE.jpg', 'METHYL ORANGE.pdf', '7', 'NOCIF PAR INGESTION, IRRITANT POUR LES YEUX.'),
(134, 'METHYLENE BLUE HYDRATE', 'BOITE', '100 G', 'SOLIDE', 'NETTOYAGE DES éQUIPEMENTS OU PRéPARATION DE SOLUTIONS', 'SIGMA ALDRICH', 'METHYLENE BLUE HYDRATE.jpg', 'METHYLENE BLUE HYDRATE.pdf', '7', 'NOCIF PAR INGESTION, IRRITANT POUR LES YEUX ET LA PEAU.'),
(135, 'MRS', 'BOITE', '250 ML', 'SOLIDE', 'MILIEUX UTILISéS POUR CULTIVER DIFFéRENTES SOUCHES BACTéRIENNES EN LABORATOIRE.', 'SABC', 'MRS.jpg', 'MRS.pdf', '7', 'FAIBLE RISQUE, IRRITANT POTENTIEL POUR LA PEAU ET LES YEUX.'),
(136, 'NaOH 25%', 'BOITE', '1 L', 'LIQUIDE', 'HYDROXYDE DE SODIUM CONCENTRé UTILISé POUR DES APPLICATIONS SPéCIFIQUES EN CHIMIE INDUSTRIELLE.', 'SABC', 'NaOH 25%.jpg', 'NaOH 25%.pdf', '5', 'TRèS CORROSIF, PROVOQUE DES BRûLURES CUTANéES ET LéSIONS OCULAIRES GRAVES.'),
(137, 'NINHYDRIN ACS REAGENT', 'FLACON', '100 G', 'SOLIDE', 'COMPOSANT D’ARôMES', 'SIGMA ALDRICH', 'NINHYDRIN ACS REAGENT.jpg', 'NINHYDRIN ACS REAGENT.pdf', '7', 'IRRITANT POUR LES YEUX ET LA PEAU.'),
(138, 'NITRATE D\'ARGENT', 'FLACON', '1 L', 'LIQUIDE', 'UTILISé POUR TESTER LA PRéSENCE DE CHLORURES PAR PRéCIPITATION ARGENTéE', 'SABC', 'NITRATE D\'ARGENT.jpg', 'NITRATE D\'ARGENT.pdf', '3, 5, 8', 'CORROSIF, OXYDANT, PROVOQUE DES BRûLURES, TACHE LA PEAU, TOXIQUE POUR LES ORGANISMES AQUATIQUES.'),
(139, 'NITROPRUSSIATE DE SODIUM DIHYDRATE', 'BOITE', '100 G', 'SOLIDE', 'RéACTIF STANDARD POUR TITRAGES', 'SIGMA ALDRICH', 'NITROPRUSSIATE DE SODIUM DIHYDRATE.jpg', 'NITROPRUSSIATE DE SODIUM DIHYDRATE.pdf', '6', 'TOXIQUE PAR INGESTION ET CONTACT CUTANé, LIBèRE DU CYANURE.'),
(140, 'NOH EN PASTILLE', 'BOITE', '100 ML', 'SOLIDE', 'HYDROXYDE DE SODIUM EN FORME SOLIDE, UTILISé POUR CRéER DES SOLUTIONS BASIQUES.', 'SABC', 'NOH EN PASTILLE.jpg', 'NOH EN PASTILLE.pdf', '5', 'TRèS CORROSIF, PROVOQUE DES BRûLURES CUTANéES ET LéSIONS OCULAIRES GRAVES.'),
(141, 'NOIR ERIOCHROME', 'BOITE', '100 ML', 'SOLIDE', 'EMPLOYé COMME INDICATEUR DANS LES TITRATIONS COMPLEXES AVEC LES IONS MéTALLIQUES', 'SABC', 'NOIR ERIOCHROME.jpg', 'NOIR ERIOCHROME.pdf', '7', 'IRRITANT POUR LES YEUX ET LA PEAU.'),
(142, 'O-PHENYLENEDIAMINE', 'BOUTEILLE', '1 L', 'LIQUIDE', 'UTILISéE DANS LA DéTECTION DU PEROXYDE D\'HYDROGèNE PAR FORMATION D\'UN COLORANT AZOCOMPLEXE', 'LOBA CHEMIE PVT. LTD.', 'O-PHENYLENEDIAMINE.jpg', 'O-PHENYLENEDIAMINE.pdf', '6, 7', 'CANCéRIGèNE SUSPECTé, TOXIQUE PAR INGESTION ET CONTACT CUTANé, SENSIBILISANT CUTANé.'),
(143, 'OXYDE DE CALCIUM', 'BOUTEILLE', '500 G', 'SOLIDE', 'EMPLOYé POUR AJUSTER LE PH OU LORS DE RéACTIONS CHIMIQUES EN LABORATOIRE', 'HIMEDIA', 'OXYDE DE CALCIUM.jpg', 'OXYDE DE CALCIUM.pdf', '5', 'CORROSIF, PROVOQUE DES BRûLURES CUTANéES ET LéSIONS OCULAIRES GRAVES.'),
(144, 'PARAROSANILINE', 'BOITE', '25 G', 'SOLIDE', 'INDICATEUR DE PH', 'MERCK', 'PARAROSANILINE.jpg', 'PARAROSANILINE.pdf', '7', 'CANCéRIGèNE SUSPECTé, IRRITANT POUR LES YEUX ET LA PEAU.'),
(145, 'PERMANGANATE DE POTASSIUM', 'BOUTEILLE', '1 L', 'SOLIDE', 'UTILISé COMME AGENT OXYDANT PUISSANT DANS DIVERSES RéACTIONS CHIMIQUES', 'SUPELCO', 'PERMANGANATE DE POTASSIUM.jpg', 'PERMANGANATE DE POTASSIUM.pdf', '3, 7, 8', 'OXYDANT PUISSANT, NOCIF PAR INGESTION, TRèS TOXIQUE POUR LES ORGANISMES AQUATIQUES.'),
(146, 'PHÉNANTHROLINE 1,10 CHLORHYDRATE', 'BOUTEILLE', '250 ML', 'SOLIDE', 'EMPLOYéE POUR COMPLEXER LES IONS FERREUX ET DéTECTER LEUR CONCENTRATION PAR SPECTROPHOTOMéTRIE', 'SIGMA ALDRICH', 'PHÉNANTHROLINE 1,10 CHLORHYDRATE.jpg', 'PHÉNANTHROLINE 1,10 CHLORHYDRATE.pdf', '7, 8', 'NOCIF PAR INGESTION, IRRITANT POUR LA PEAU ET LES YEUX.'),
(147, 'PHENOL (CRISTAUX DETACHES)', 'BOUTEILLE', '1 L', 'SOLIDE', 'UTILISé DANS LA SYNTHèSE ORGANIQUE ET éGALEMENT COMME ANTISEPTIQUE PUISSANT.', 'SIGMA ALDRICH', 'PHENOL (CRISTAUX DETACHES).jpg', 'PHENOL (CRISTAUX DETACHES).pdf', '5, 6, 7', 'CORROSIF, TOXIQUE PAR ABSORPTION CUTANéE, PEUT CAUSER DES DOMMAGES AUX ORGANES.'),
(148, 'PHENOLPTHALEINE', 'FLACON', '100 G', 'SOLIDE', 'RéACTIF POUR ANALYSES CHIMIQUES', 'MERCK', 'PHENOLPTHALEINE.jpg', 'PHENOLPTHALEINE.pdf', '7', 'CANCéRIGèNE SUSPECTé, IRRITANT POUR LES YEUX.'),
(149, 'PHOSPHATE DISODIQUE', 'BOITE', '30 G', 'SOLIDE', 'RéACTIF POUR ANALYSES CHIMIQUES', 'VWR CHEMICALS', 'PHOSPHATE DISODIQUE.jpg', 'PHOSPHATE DISODIQUE.pdf', '7', 'FAIBLEMENT IRRITANT POUR LES YEUX ET LA PEAU.'),
(150, 'Polyvinylpyrrolidone', 'FLACON', '1 KG', 'SOLIDE', 'RéACTIF POUR ANALYSES MéTALLIQUES', ' ', 'Polyvinylpyrrolidone.jpg', 'Polyvinylpyrrolidone.pdf', '7', 'FAIBLEMENT IRRITANT POUR LES YEUX ET LA PEAU.'),
(151, 'POTASSIUM IODATE', 'FLACON', '500 G', 'SOLIDE', 'ANTIOXYDANT OU AJUSTEMENT DE FORMULATIONS', 'VWR CHEMICALS', 'POTASSIUM IODATE.jpg', 'POTASSIUM IODATE.pdf', '3, 7', 'OXYDANT, PEUT AGGRAVER UN INCENDIE, NOCIF PAR INGESTION.'),
(152, 'POTASSIUM PHOSPHATE MONOBASIC', 'FLACON', '1 KG', 'SOLIDE', 'NETTOYAGE ALCALIN DES CIRCUITS', 'VWR CHEMICALS', 'POTASSIUM PHOSPHATE MONOBASIC.jpg', 'POTASSIUM PHOSPHATE MONOBASIC.pdf', '7', 'IRRITANT POUR LES YEUX ET LA PEAU.'),
(153, 'POTASSIUM IODIDE', 'FLACON', '1 L', 'SOLIDE', 'UTILISé DANS LES TESTS DE PRéSENCE D\'AMIDONS OU COMME AGENT IODANT.', 'SABC', 'POTASSIUM IODIDE.jpg', 'POTASSIUM IODIDE.pdf', '7', 'IRRITANT POUR LES YEUX ET LA PEAU, NOCIF à FORTE DOSE.'),
(154, 'REACTIF DE PATTON', 'FLACON', '100 ML', 'SOLIDE', 'UTILISé POUR DéTECTER LES IONS CUIVREUX PAR FORMATION D\'UN COMPLEXE COLORé', 'CHEMALL INTERNATIONAL PRIVATE LIMITED', 'REACTIF DE PATTON.jpg', 'REACTIF DE PATTON.pdf', '7', 'IRRITANT POUR LES YEUX ET LA PEAU.'),
(155, 'REAGENT Y100 LYSIS BUFFER', 'BOITE', '500 ML', 'LIQUIDE', 'UTILISé POUR LYSER LES CELLULES DANS LES EXPéRIENCES DE BIOLOGIE MOLéCULAIRE AFIN D\'EXTRAIRE L\'ADN OU LES PROTéINES.', 'CHEMOMETRIC', 'REAGENT Y100 LYSIS BUFFER.jpg', 'REAGENT Y100 LYSIS BUFFER.pdf', '7', 'IRRITANT POUR LES YEUX ET LA PEAU.'),
(156, 'ROUGE DE METHYL SEL DE SODIUM', 'BOITE', '25 G', 'SOLIDE', 'SOLUTION TAMPON POUR PROCESSUS ANALYTIQUES', 'MERCK', 'ROUGE DE METHYL SEL DE SODIUM.jpg', 'ROUGE DE METHYL SEL DE SODIUM.pdf', '7', 'IRRITANT POUR LES YEUX ET LA PEAU.'),
(157, 'SECONDARY DILUENT', 'BOITE', '100 ML', 'LIQUIDE', 'UTILISé POUR DILUER DES SOLUTIONS DE MANIèRE SECONDAIRE DANS DES ANALYSES CHIMIQUES.', 'LGC AXIO', 'SECONDARY DILUENT.jpg', 'SECONDARY DILUENT.pdf', '7', 'IRRITANT POUR LES YEUX ET LA PEAU.'),
(158, 'SODIUM ACETATE', 'FLACON', '1 KG', 'SOLIDE', 'UTILISé COMME TAMPON ET DANS DIVERSES APPLICATIONS BIOLOGIQUES.', 'PROLABO', 'SODIUM ACETATE.jpg', 'SODIUM ACETATE.pdf', '7', 'FAIBLEMENT IRRITANT POUR LES YEUX ET LA PEAU.'),
(159, 'SODIUM BISULFITE SOLUTION', 'BOUTEILLE', '1 L', 'LIQUIDE', 'UTILISé COMME AGENT RéDUCTEUR ET CONSERVATEUR DANS LES ALIMENTS.', 'HONEYWELL/FLUKA', 'SODIUM BISULFITE SOLUTION.jpg', 'SODIUM BISULFITE SOLUTION.pdf', '7', 'IRRITANT POUR LES YEUX, LA PEAU ET LES VOIES RESPIRATOIRES, LIBèRE DU DIOXYDE DE SOUFRE.'),
(160, 'SODIUM HYDROGENE SULFITE', 'BOITE', '1 L', 'LIQUIDE', 'DéSINFECTION OU ANALYSES', 'MERCK', 'SODIUM HYDROGENE SULFITE.jpg', 'SODIUM HYDROGENE SULFITE.pdf', '7', 'IRRITANT POUR LES YEUX, LA PEAU ET LES VOIES RESPIRATOIRES, LIBèRE DU DIOXYDE DE SOUFRE.'),
(161, 'SODIUM HYDROXYDE 1N', 'BOUTEILLE', '1 AMPOULE POUR 1 L', 'LIQUIDE', 'BASE FORTE UTILISéE POUR AJUSTER LE PH OU DANS DES RéACTIONS DE NEUTRALISATION', 'HUMMEAU', 'SODIUM HYDROXYDE 1N.jpg', 'SODIUM HYDROXYDE 1N.pdf', '5', 'CORROSIF, PROVOQUE DES BRûLURES CUTANéES ET LéSIONS OCULAIRES GRAVES.'),
(162, 'SODIUM PHOSPHATE DIBASIC DODECAHYDRATE', 'FLACON', '1 KG', 'SOLIDE', 'SOLUTION POUR TESTS DE CONDUCTIVITé', 'HONEYWELL/FLUKA', 'SODIUM PHOSPHATE DIBASIC DODECAHYDRATE.jpg', 'SODIUM PHOSPHATE DIBASIC DODECAHYDRATE.pdf', '7', 'FAIBLEMENT IRRITANT POUR LES YEUX ET LA PEAU.'),
(163, 'SODIUM PHOSPHATE MONOBASIQUE', 'BOUTEILLE', '1 KG', 'SOLIDE', 'EMPLOYé POUR PRéPARER DES TAMPONS PHYSIOLOGIQUES EN BIOLOGIE.', 'SIGMA ALDRICH', 'SODIUM PHOSPHATE MONOBASIQUE.jpeg', 'SODIUM PHOSPHATE MONOBASIQUE.pdf', '7', 'FAIBLEMENT IRRITANT POUR LES YEUX ET LA PEAU.'),
(164, 'SOLUTION Ac CITRIQUE', 'FLACON', '1 L', 'LIQUIDE', 'UTILISéE COMME TAMPON OU AGENT ACIDIFIANT DANS DIVERSES APPLICATIONS ALIMENTAIRES ET BIOLOGIQUES.', 'SABC', 'SOLUTION Ac CITRIQUE.jpg', 'SOLUTION Ac CITRIQUE.pdf', '7', 'IRRITANT POUR LES YEUX.'),
(165, 'SOLUTION DE CONDITIONNEMENT', 'FLACON', '2 L', 'LIQUIDE', 'PRéPARATION UTILISéE POUR STABILISER LES éCHANTILLONS AVANT ANALYSE.', 'SABC', 'SOLUTION DE CONDITIONNEMENT.jpg', '', '0', 'RISQUE VARIABLE SELON LA COMPOSITION.'),
(166, 'ACIDE PHOSPHORIQUE', 'CARTON', '25 KG', 'LIQUIDE', 'AGENT RéGULATEUR D\'ACIDITé/ANTIOXYDANT/SéQUESTRANT DANS L\'INDUSTRIE ALIMENTAIRE E338', 'LUWEI PHARMACEUTICAL GROUP', 'ACIDE PHOSPHORIQUE.jpg', 'ACIDE PHOSPHORIQUE.pdf', '7, 5', 'CORROSIF POUR LA PEAU ET LES YEUX'),
(173, 'STABIFIX', 'SAC PEHD', '20 KG', 'SOLIDE', 'STABILISATEUR DE BIERE', 'PQ CORPORATION', 'STABIFIX.jpg', 'STABIFIX.pdf', '1', 'PEUT CONTENIR DES AGENTS SENSIBILISANTS'),
(176, 'PHOSPHATE TRISODIQUE', 'BOUTEILLE', '800 ML', 'SOLDE', 'UTILISé POUR LE NETTOYAGE, LE DéGRAISSAGE ET LE DéGRAISSAGE', 'EASY LAB', 'PHOSPHATE TRISODIQUE.jpg', 'PHOSPHATE TRISODIQUE.pdf', '7', 'IRRITATION CUTANéE ET OCULAIRE, CORROSIF à FORTE DOSE'),
(178, 'CITRUS FLAVOR CIG', 'BIDON PEHD', '20 KG', 'LIQUIDE', 'AROMATISANTS ET COLORANTS', 'IFF AROMA ESANS SANANYL VE TICARET A. S.', 'CITRUS FLAVOR CIG.jpg', 'CITRUS FLAVOR CIG.pdf', '2, 7', 'PEUT CONTENIR DES ALLERGèNES (LIMONèNE, LINALOL…)'),
(180, 'FOAM SOAP MILDLY SCENTED', 'BOUTEILLE PEHD', '1 L', 'LIQUIDE', 'DESINFECTION', 'TORK', 'FOAM SOAP MILDLY SCENTED.JPG', 'FOAM SOAP MILDLY SCENTED.PDF', '1', ' PEU DE RISQUES, MAIS PEUT ÊTRE IRRITANT POUR LA PEAU ET LES YEUX.'),
(181, 'HYPOCHLOROUS ACID SOLUTION', 'BIDON PEHD', '30 L', 'LIQUIDE', 'DESINFECTION', 'PATHOSANS', 'HYPOCHLOROUS ACID SOLUTION.JPG', NULL, '3, 5, 7, 8', 'OXYDANT, PEUT PROVOQUER DES IRRITATIONS CUTANÉES ET OCULAIRES.\r\n'),
(182, 'CARTRIDGE 054', 'CARTON', '450 G', 'LIQUIDE', 'ENCRE À IMPRIMER', 'CANON', 'CARTRIDGE 054.JPG', NULL, '1', ' PEU DE RISQUES, MAIS PEUT ÊTRE IRRITANT.'),
(183, 'XCXCX', 'XCX', 'XCXC', 'WXCX', 'XCXX', 'XCXC', '425415 (2).JPG', 'FICHIER_LIE_A_981.PDF', '1', ' XCXCXCX'),
(184, 'SDSDSD', 'SDSDS', 'SDS', 'SDS', 'SDS', 'SDS', 'TÉLÉCHARGEMENT.JPEG', 'US_HI95771B_0_GHS_USA_1(1).PDF', '6, 7, 8', '   SDSD'),
(187, 'PROTEO ZYM', 'BIDON PEHD', '25 KG', 'LIQUIDE', 'ENZIME', 'AEB FRANCE SARL', 'PROTEO ZYM.jpg', '', '7', 'SENSIBILISATION RESPIRATOIRE OU CUTANéE POSSIBLE'),
(190, 'SORBATE DE POTASSIUM', 'CARTON', '20 KG', 'SOLIDE', 'RECONNU COMME CONSERVATEUR GRâCE à SON ACTION CONTRE LES LEVURES ET LES MOISISSURES', 'KH', 'SORBATE DE POTASSIUM.jpg', 'SORBATE DE POTASSIUM.pdf', '7', 'IRRITATION POSSIBLE DES YEUX ET DE LA PEAU'),
(196, 'KIESELGUHR', 'BOUTEILLE', '100 G', 'SOLIDE', 'FILTRATION', 'MYCHEM', 'KIESELGUHR.jpg', 'KIESELGUHR.pdf', '1', 'RISQUE D’INHALATION DE SILICE CRISTALLINE (SILICOSE)'),
(197, 'CARAMEL COLORANT TMFC', 'BIDON PEHD', '30 L', 'LIQUIDE', 'AROMATISANTS ET COLORANTS', 'NIGYAY S.A.S', 'CARAMEL COLORANT TMFC.jpg', '', '7', 'PEUT CONTENIR DES IMPURETéS POTENTIELLEMENT CANCéROGèNES'),
(198, 'CO2 EXT', 'CARTON', '20 KG', 'SOLIDE', '', 'YAKIMA CHIEF HOPS', 'CO2 EXT.jpg', 'CO2 EXT.pdf', '1', 'RISQUE D’ASPHYXIE EN ESPACE CONFINé'),
(200, 'SILICENE(REDOX)', 'BIDON PEHD', '30 L', 'LIQUIDE', 'DETARTRAGE DES CIRCUITS', 'REDOX', 'SILICENE(REDOX).jpg', '', '7', 'RISQUE DE COMBUSTION OU DE RéACTION VIOLENTE'),
(206, 'CHLORE', 'SEAU', '5 KG', 'SOLIDE', 'NETTOYANT', 'SAS AQUALUX - CF GROUP', 'CHLORE.jpg', 'CHLORE.pdf', '3, 4, 5, 6, 7, 8', 'TOXIQUE PAR INHALATION, CORROSIF, TRèS IRRITANT'),
(209, 'ALCOOL A 70 POUR DESINFECTION', 'BOUTEILLE PEHD', '500 ML', 'LIQUIDE', 'NETTOYAGE ET DESINFECTION', 'SABC', 'ALCOOL A 70 POUR DESINFECTION.jpg', 'ALCOOL A 70 POUR DESINFECTION.pdf', '2', 'INFLAMMABLE, IRRITANT POUR LES YEUX.'),
(210, 'CARTRIDGE 054', 'CARTON', '450 G', 'LIQUIDE', 'ENCRE A IMPRIMER', 'CANON', 'CARTRIDGE 054.jpg', 'CARTRIDGE 054.pdf', '1', 'PEU DE RISQUES, MAIS PEUT ÊTRE IRRITANT.'),
(211, 'PRINT CARTRIDGE IM 350', 'CARTON', '900 G', 'LIQUIDE', 'ENCRE A IMPRIMER', 'RICOH', 'PRINT CARTRIDGE IM 350.jpg', 'PRINT CARTRIDGE IM 350.pdf', '1', 'PEU DE RISQUES, MAIS PEUT ÊTRE IRRITANT.'),
(212, 'SOLUTION CHLOREE A 0.5%', 'BOUTEILLE PEHD', '1 L', 'LIQUIDE', 'NETTOYAGE ET DESINFECTION', 'SABC', 'SOLUTION CHLOREE.JPG', NULL, '8', 'CORROSIF, PEUT PROVOQUER DES BRÛLURES CHIMIQUES.'),
(213, 'TONER MP 2501', 'CARTON', '230 G', 'LIQUIDE', 'ENCRE A IMPRIMER', 'RICOH', 'TONER MP 2501.jpg', 'TONER MP 2501.pdf', '1', 'PEU DE RISQUES, MAIS PEUT ÊTRE IRRITANT.'),
(214, 'ALCOOL A 70 POUR DESINFECTION', 'BOUTEILLE PEHD', '500 ML', 'LIQUIDE', 'NETTOYAGE ET DESINFECTION', 'SABC', 'ALCOOL A 70 POUR DESINFECTION.jpg', '', '2', 'INFLAMMABLE, IRRITANT POUR LES YEUX.'),
(215, 'CARTRIDGE 054', 'CARTON', '450 G', 'LIQUIDE', 'ENCRE A IMPRIMER', 'CANON', 'CARTRIDGE 054.jpg', 'CARTRIDGE 054.pdf', '1', 'PEU DE RISQUES, MAIS PEUT ÊTRE IRRITANT.'),
(216, 'PRINT CARTRIDGE IM 350', 'CARTON', '900 G', 'LIQUIDE', 'ENCRE A IMPRIMER', 'RICOH', 'PRINT CARTRIDGE IM 350.jpg', 'PRINT CARTRIDGE IM 350.pdf', '1', 'PEU DE RISQUES, MAIS PEUT ÊTRE IRRITANT.'),
(217, 'SOLUTION CHLOREE A 0.5%', 'BOUTEILLE PEHD', '1 L', 'LIQUIDE', 'NETTOYAGE ET DESINFECTION', 'SABC', 'SOLUTION CHLOREE A 0.5%.jpg', '', '8', 'CORROSIF, PEUT PROVOQUER DES BRÛLURES CHIMIQUES.'),
(218, 'TONER MP 2501', 'CARTON', '230 G', 'LIQUIDE', 'ENCRE A IMPRIMER', 'RICOH', 'TONER MP 2501.jpg', 'TONER MP 2501.pdf', '1', 'PEU DE RISQUES, MAIS PEUT ÊTRE IRRITANT.');

-- --------------------------------------------------------

--
-- Structure de la table `user`
--

DROP TABLE IF EXISTS `user`;
CREATE TABLE IF NOT EXISTS `user` (
  `iduser` int NOT NULL AUTO_INCREMENT,
  `idusine` int NOT NULL,
  `nomuser` varchar(128) DEFAULT NULL,
  `prenomuser` varchar(128) DEFAULT NULL,
  `mailuser` varchar(128) DEFAULT NULL,
  `mdp` varchar(128) DEFAULT NULL,
  `role` varchar(128) DEFAULT NULL,
  `supp` varchar(128) DEFAULT NULL,
  PRIMARY KEY (`iduser`)
) ENGINE=InnoDB AUTO_INCREMENT=14 DEFAULT CHARSET=utf8mb4 COLLATE=utf8mb4_0900_ai_ci;

--
-- Déchargement des données de la table `user`
--

INSERT INTO `user` (`iduser`, `idusine`, `nomuser`, `prenomuser`, `mailuser`, `mdp`, `role`, `supp`) VALUES
(1, 1, 'IVAN', 'VADES', 'ivankamgaing@gmail.com', 'aqzsedrf', 'superadmin', 'false'),
(11, 1, 'admin', '0', '0', 'admin', 'admin', 'false'),
(12, 1, 'invite', '0', '0', 'invite', 'user', 'false'),
(13, 2, 'ndokotti', '0', '0', 'ndokotti', 'admin', 'false');

-- --------------------------------------------------------

--
-- Structure de la table `usine`
--

DROP TABLE IF EXISTS `usine`;
CREATE TABLE IF NOT EXISTS `usine` (
  `idusine` int NOT NULL AUTO_INCREMENT,
  `nom` varchar(256) NOT NULL,
  PRIMARY KEY (`idusine`)
) ENGINE=InnoDB AUTO_INCREMENT=3 DEFAULT CHARSET=utf8mb4 COLLATE=utf8mb4_0900_ai_ci;

--
-- Déchargement des données de la table `usine`
--

INSERT INTO `usine` (`idusine`, `nom`) VALUES
(1, 'USINE DE KOUMASSI'),
(2, 'USINE DE NDOKOTTI');

-- --------------------------------------------------------

--
-- Structure de la table `utilise`
--

DROP TABLE IF EXISTS `utilise`;
CREATE TABLE IF NOT EXISTS `utilise` (
  `idprod` bigint NOT NULL,
  `idatelier` smallint NOT NULL,
  PRIMARY KEY (`idprod`,`idatelier`),
  KEY `fk_asso_1_atelier` (`idatelier`)
) ENGINE=InnoDB DEFAULT CHARSET=utf8mb4 COLLATE=utf8mb4_0900_ai_ci;

--
-- Contraintes pour les tables déchargées
--

--
-- Contraintes pour la table `atelier`
--
ALTER TABLE `atelier`
  ADD CONSTRAINT `atelier_ibfk_1` FOREIGN KEY (`idusine`) REFERENCES `usine` (`idusine`) ON DELETE CASCADE ON UPDATE CASCADE;

--
-- Contraintes pour la table `contenir`
--
ALTER TABLE `contenir`
  ADD CONSTRAINT `contenir_ibfk_1` FOREIGN KEY (`idatelier`) REFERENCES `atelier` (`idatelier`) ON DELETE CASCADE ON UPDATE CASCADE,
  ADD CONSTRAINT `contenir_ibfk_2` FOREIGN KEY (`idprod`) REFERENCES `produit` (`idprod`) ON DELETE CASCADE ON UPDATE CASCADE;

--
-- Contraintes pour la table `infofds`
--
ALTER TABLE `infofds`
  ADD CONSTRAINT `infofds_ibfk_1` FOREIGN KEY (`idprod`) REFERENCES `produit` (`idprod`) ON DELETE CASCADE ON UPDATE CASCADE;

--
-- Contraintes pour la table `possede`
--
ALTER TABLE `possede`
  ADD CONSTRAINT `possede_ibfk_1` FOREIGN KEY (`iddanger`) REFERENCES `danger` (`iddanger`) ON DELETE CASCADE ON UPDATE CASCADE,
  ADD CONSTRAINT `possede_ibfk_2` FOREIGN KEY (`idprod`) REFERENCES `produit` (`idprod`) ON DELETE CASCADE ON UPDATE CASCADE;
COMMIT;

/*!40101 SET CHARACTER_SET_CLIENT=@OLD_CHARACTER_SET_CLIENT */;
/*!40101 SET CHARACTER_SET_RESULTS=@OLD_CHARACTER_SET_RESULTS */;
/*!40101 SET COLLATION_CONNECTION=@OLD_COLLATION_CONNECTION */;
